/*
PostgreSQL Backup
Database: elysia-admin/public
Backup Time: 2026-02-11 17:36:27
*/

DROP SEQUENCE IF EXISTS "public"."monitor_job_job_id_seq";
DROP SEQUENCE IF EXISTS "public"."system_api_api_id_seq";
DROP SEQUENCE IF EXISTS "public"."system_dept_dept_id_seq";
DROP SEQUENCE IF EXISTS "public"."system_dict_data_dict_code_seq";
DROP SEQUENCE IF EXISTS "public"."system_dict_type_dict_id_seq";
DROP SEQUENCE IF EXISTS "public"."system_ip_black_ip_black_id_seq";
DROP SEQUENCE IF EXISTS "public"."system_login_log_log_id_seq";
DROP SEQUENCE IF EXISTS "public"."system_menu_btn_btn_id_seq";
DROP SEQUENCE IF EXISTS "public"."system_menu_menu_id_seq";
DROP SEQUENCE IF EXISTS "public"."system_oper_log_oper_id_seq";
DROP SEQUENCE IF EXISTS "public"."system_role_role_id_seq";
DROP SEQUENCE IF EXISTS "public"."system_storage_storage_id_seq";
DROP SEQUENCE IF EXISTS "public"."system_user_user_id_seq";
DROP TABLE IF EXISTS "public"."monitor_job";
DROP TABLE IF EXISTS "public"."system_api";
DROP TABLE IF EXISTS "public"."system_dept";
DROP TABLE IF EXISTS "public"."system_dict_data";
DROP TABLE IF EXISTS "public"."system_dict_type";
DROP TABLE IF EXISTS "public"."system_ip_black";
DROP TABLE IF EXISTS "public"."system_login_log";
DROP TABLE IF EXISTS "public"."system_menu";
DROP TABLE IF EXISTS "public"."system_menu_btn";
DROP TABLE IF EXISTS "public"."system_oper_log";
DROP TABLE IF EXISTS "public"."system_role";
DROP TABLE IF EXISTS "public"."system_role_menu";
DROP TABLE IF EXISTS "public"."system_storage";
DROP TABLE IF EXISTS "public"."system_user";
DROP TABLE IF EXISTS "public"."system_user_role";
CREATE SEQUENCE "monitor_job_job_id_seq" 
INCREMENT 1
MINVALUE  1
MAXVALUE 9223372036854775807
START 1
CACHE 1;
CREATE SEQUENCE "system_api_api_id_seq" 
INCREMENT 1
MINVALUE  1
MAXVALUE 9223372036854775807
START 1
CACHE 1;
CREATE SEQUENCE "system_dept_dept_id_seq" 
INCREMENT 1
MINVALUE  1
MAXVALUE 9223372036854775807
START 1
CACHE 1;
CREATE SEQUENCE "system_dict_data_dict_code_seq" 
INCREMENT 1
MINVALUE  1
MAXVALUE 9223372036854775807
START 1
CACHE 1;
CREATE SEQUENCE "system_dict_type_dict_id_seq" 
INCREMENT 1
MINVALUE  1
MAXVALUE 9223372036854775807
START 1
CACHE 1;
CREATE SEQUENCE "system_ip_black_ip_black_id_seq" 
INCREMENT 1
MINVALUE  1
MAXVALUE 9223372036854775807
START 1
CACHE 1;
CREATE SEQUENCE "system_login_log_log_id_seq" 
INCREMENT 1
MINVALUE  1
MAXVALUE 9223372036854775807
START 1
CACHE 1;
CREATE SEQUENCE "system_menu_btn_btn_id_seq" 
INCREMENT 1
MINVALUE  1
MAXVALUE 9223372036854775807
START 1
CACHE 1;
CREATE SEQUENCE "system_menu_menu_id_seq" 
INCREMENT 1
MINVALUE  1
MAXVALUE 9223372036854775807
START 1
CACHE 1;
CREATE SEQUENCE "system_oper_log_oper_id_seq" 
INCREMENT 1
MINVALUE  1
MAXVALUE 9223372036854775807
START 1
CACHE 1;
CREATE SEQUENCE "system_role_role_id_seq" 
INCREMENT 1
MINVALUE  1
MAXVALUE 9223372036854775807
START 1
CACHE 1;
CREATE SEQUENCE "system_storage_storage_id_seq" 
INCREMENT 1
MINVALUE  1
MAXVALUE 9223372036854775807
START 1
CACHE 1;
CREATE SEQUENCE "system_user_user_id_seq" 
INCREMENT 1
MINVALUE  1
MAXVALUE 9223372036854775807
START 1
CACHE 1;
CREATE TABLE "monitor_job" (
  "job_id" int8 NOT NULL DEFAULT nextval('monitor_job_job_id_seq'::regclass),
  "job_name" varchar(64) COLLATE "pg_catalog"."default" NOT NULL,
  "job_cron" varchar(64) COLLATE "pg_catalog"."default" NOT NULL,
  "status" bool DEFAULT true,
  "create_time" timestamptz(6) DEFAULT now(),
  "create_by" int8,
  "update_time" timestamptz(6),
  "update_by" int8,
  "del_flag" bool DEFAULT false,
  "remark" varchar(255) COLLATE "pg_catalog"."default",
  "job_args" varchar(256) COLLATE "pg_catalog"."default"
)
;
ALTER TABLE "monitor_job" OWNER TO "postgres";
CREATE TABLE "system_api" (
  "api_id" int8 NOT NULL DEFAULT nextval('system_api_api_id_seq'::regclass),
  "api_name" varchar(64) COLLATE "pg_catalog"."default" NOT NULL,
  "api_path" varchar(255) COLLATE "pg_catalog"."default" NOT NULL,
  "api_method" varchar(10) COLLATE "pg_catalog"."default" NOT NULL,
  "status" bool DEFAULT true,
  "create_time" timestamptz(6) DEFAULT now(),
  "create_by" int8,
  "update_time" timestamptz(6),
  "update_by" int8,
  "del_flag" bool DEFAULT false,
  "remark" varchar(255) COLLATE "pg_catalog"."default"
)
;
ALTER TABLE "system_api" OWNER TO "postgres";
CREATE TABLE "system_dept" (
  "dept_id" int8 NOT NULL DEFAULT nextval('system_dept_dept_id_seq'::regclass),
  "dept_name" varchar(64) COLLATE "pg_catalog"."default" NOT NULL,
  "status" bool DEFAULT true,
  "parent_id" int8,
  "create_time" timestamptz(6) DEFAULT now(),
  "create_by" int8,
  "update_time" timestamptz(6),
  "update_by" int8,
  "del_flag" bool DEFAULT false,
  "remark" varchar(255) COLLATE "pg_catalog"."default",
  "sort" int4 DEFAULT 0
)
;
ALTER TABLE "system_dept" OWNER TO "postgres";
CREATE TABLE "system_dict_data" (
  "dict_code" int8 NOT NULL DEFAULT nextval('system_dict_data_dict_code_seq'::regclass),
  "dict_sort" int4 NOT NULL DEFAULT 0,
  "dict_value" varchar(64) COLLATE "pg_catalog"."default" NOT NULL,
  "dict_label" varchar(64) COLLATE "pg_catalog"."default" NOT NULL,
  "dict_type" varchar(64) COLLATE "pg_catalog"."default" NOT NULL,
  "status" bool DEFAULT true,
  "create_time" timestamptz(6) DEFAULT now(),
  "create_by" int8,
  "update_time" timestamptz(6),
  "update_by" int8,
  "del_flag" bool DEFAULT false,
  "remark" varchar(255) COLLATE "pg_catalog"."default",
  "tag_type" varchar(64) COLLATE "pg_catalog"."default",
  "custom_class" varchar(64) COLLATE "pg_catalog"."default"
)
;
ALTER TABLE "system_dict_data" OWNER TO "postgres";
CREATE TABLE "system_dict_type" (
  "dict_id" int8 NOT NULL DEFAULT nextval('system_dict_type_dict_id_seq'::regclass),
  "dict_name" varchar(64) COLLATE "pg_catalog"."default" NOT NULL,
  "dict_type" varchar(64) COLLATE "pg_catalog"."default" NOT NULL,
  "status" bool DEFAULT true,
  "create_time" timestamptz(6) DEFAULT now(),
  "create_by" int8,
  "update_time" timestamptz(6),
  "update_by" int8,
  "del_flag" bool DEFAULT false,
  "remark" varchar(255) COLLATE "pg_catalog"."default"
)
;
ALTER TABLE "system_dict_type" OWNER TO "postgres";
CREATE TABLE "system_ip_black" (
  "ip_black_id" int8 NOT NULL DEFAULT nextval('system_ip_black_ip_black_id_seq'::regclass),
  "ip_address" varchar(64) COLLATE "pg_catalog"."default" NOT NULL,
  "status" bool DEFAULT true,
  "create_time" timestamptz(6) DEFAULT now(),
  "create_by" int8,
  "update_time" timestamptz(6),
  "update_by" int8,
  "del_flag" bool DEFAULT false,
  "remark" varchar(255) COLLATE "pg_catalog"."default"
)
;
ALTER TABLE "system_ip_black" OWNER TO "postgres";
CREATE TABLE "system_login_log" (
  "log_id" int8 NOT NULL DEFAULT nextval('system_login_log_log_id_seq'::regclass),
  "login_type" varchar(32) COLLATE "pg_catalog"."default",
  "client_type" varchar(32) COLLATE "pg_catalog"."default",
  "client_platform" varchar(32) COLLATE "pg_catalog"."default",
  "ipaddr" varchar(128) COLLATE "pg_catalog"."default",
  "login_location" varchar(256) COLLATE "pg_catalog"."default",
  "user_agent" varchar(512) COLLATE "pg_catalog"."default",
  "os" varchar(64) COLLATE "pg_catalog"."default",
  "message" varchar(255) COLLATE "pg_catalog"."default",
  "status" bool,
  "create_time" timestamptz(6) DEFAULT now(),
  "create_by" int8,
  "update_time" timestamptz(6),
  "update_by" int8,
  "del_flag" bool DEFAULT false,
  "remark" varchar(255) COLLATE "pg_catalog"."default"
)
;
ALTER TABLE "system_login_log" OWNER TO "postgres";
CREATE TABLE "system_menu" (
  "menu_id" int8 NOT NULL DEFAULT nextval('system_menu_menu_id_seq'::regclass),
  "path" varchar(255) COLLATE "pg_catalog"."default",
  "name" varchar(64) COLLATE "pg_catalog"."default",
  "component" varchar(255) COLLATE "pg_catalog"."default",
  "title" varchar(64) COLLATE "pg_catalog"."default",
  "icon" varchar(64) COLLATE "pg_catalog"."default",
  "show_badge" bool DEFAULT false,
  "show_text_badge" varchar(64) COLLATE "pg_catalog"."default",
  "is_hide" bool DEFAULT false,
  "is_hide_tab" bool DEFAULT false,
  "link" varchar(255) COLLATE "pg_catalog"."default",
  "is_iframe" bool DEFAULT false,
  "keep_alive" bool DEFAULT true,
  "fixed_tab" bool DEFAULT false,
  "create_time" timestamptz(6) DEFAULT now(),
  "create_by" int8,
  "update_time" timestamptz(6),
  "update_by" int8,
  "del_flag" bool DEFAULT false,
  "remark" varchar(255) COLLATE "pg_catalog"."default",
  "active_path" varchar(255) COLLATE "pg_catalog"."default",
  "sort" int4 DEFAULT 0,
  "parent_id" int8,
  "status" bool DEFAULT true,
  "is_full_page" bool DEFAULT false
)
;
ALTER TABLE "system_menu" OWNER TO "postgres";
CREATE TABLE "system_menu_btn" (
  "menu_id" int8,
  "sort" int4 DEFAULT 0,
  "title" varchar(64) COLLATE "pg_catalog"."default",
  "permission" varchar(64) COLLATE "pg_catalog"."default",
  "create_time" timestamptz(6) DEFAULT now(),
  "create_by" int8,
  "update_time" timestamptz(6),
  "update_by" int8,
  "del_flag" bool DEFAULT false,
  "remark" varchar(255) COLLATE "pg_catalog"."default",
  "btn_id" int8 NOT NULL DEFAULT nextval('system_menu_btn_btn_id_seq'::regclass),
  "status" bool DEFAULT true
)
;
ALTER TABLE "system_menu_btn" OWNER TO "postgres";
CREATE TABLE "system_oper_log" (
  "oper_id" int8 NOT NULL DEFAULT nextval('system_oper_log_oper_id_seq'::regclass),
  "title" varchar(255) COLLATE "pg_catalog"."default",
  "request_method" varchar(10) COLLATE "pg_catalog"."default",
  "operator_type" varchar(32) COLLATE "pg_catalog"."default",
  "user_id" int8,
  "oper_url" varchar(256) COLLATE "pg_catalog"."default",
  "oper_ip" varchar(128) COLLATE "pg_catalog"."default",
  "oper_location" varchar(256) COLLATE "pg_catalog"."default",
  "oper_param" varchar(1024) COLLATE "pg_catalog"."default",
  "json_result" varchar(1024) COLLATE "pg_catalog"."default",
  "cost_time" int4,
  "status" bool,
  "create_time" timestamptz(6) DEFAULT now(),
  "create_by" int8,
  "update_time" timestamptz(6),
  "update_by" int8,
  "del_flag" bool DEFAULT false,
  "remark" varchar(255) COLLATE "pg_catalog"."default",
  "action" varchar(255) COLLATE "pg_catalog"."default"
)
;
ALTER TABLE "system_oper_log" OWNER TO "postgres";
CREATE TABLE "system_role" (
  "role_id" int8 NOT NULL DEFAULT nextval('system_role_role_id_seq'::regclass),
  "role_name" varchar(64) COLLATE "pg_catalog"."default" NOT NULL,
  "role_code" varchar(64) COLLATE "pg_catalog"."default" NOT NULL,
  "sort" int4 DEFAULT 0,
  "status" bool DEFAULT true,
  "create_time" timestamptz(6) DEFAULT now(),
  "create_by" int8,
  "update_time" timestamptz(6),
  "update_by" int8,
  "del_flag" bool DEFAULT false,
  "remark" varchar(255) COLLATE "pg_catalog"."default"
)
;
ALTER TABLE "system_role" OWNER TO "postgres";
CREATE TABLE "system_role_menu" (
  "role_id" int8,
  "menu_id" int8,
  "menu_btn_id" int8
)
;
ALTER TABLE "system_role_menu" OWNER TO "postgres";
CREATE TABLE "system_storage" (
  "storage_id" int8 NOT NULL DEFAULT nextval('system_storage_storage_id_seq'::regclass),
  "name" varchar(64) COLLATE "pg_catalog"."default" NOT NULL,
  "endpoint" varchar(255) COLLATE "pg_catalog"."default",
  "bucket" varchar(128) COLLATE "pg_catalog"."default",
  "access_key" varchar(128) COLLATE "pg_catalog"."default",
  "secret_key" varchar(128) COLLATE "pg_catalog"."default",
  "status" bool DEFAULT false,
  "create_time" timestamptz(6) DEFAULT now(),
  "create_by" int8,
  "update_time" timestamptz(6),
  "update_by" int8,
  "del_flag" bool DEFAULT false,
  "remark" varchar(255) COLLATE "pg_catalog"."default"
)
;
ALTER TABLE "system_storage" OWNER TO "postgres";
CREATE TABLE "system_user" (
  "user_id" int8 NOT NULL DEFAULT nextval('system_user_user_id_seq'::regclass),
  "username" varchar(64) COLLATE "pg_catalog"."default" NOT NULL,
  "password" varchar(255) COLLATE "pg_catalog"."default" NOT NULL,
  "nickname" varchar(64) COLLATE "pg_catalog"."default",
  "email" varchar(64) COLLATE "pg_catalog"."default",
  "phone" varchar(11) COLLATE "pg_catalog"."default",
  "sex" varchar(1) COLLATE "pg_catalog"."default" DEFAULT '0'::character varying,
  "avatar" varchar(255) COLLATE "pg_catalog"."default",
  "create_time" timestamptz(6) DEFAULT now(),
  "create_by" int8,
  "update_time" timestamptz(6),
  "update_by" int8,
  "del_flag" bool DEFAULT false,
  "remark" varchar(255) COLLATE "pg_catalog"."default",
  "status" bool DEFAULT true,
  "dept_id" int8
)
;
ALTER TABLE "system_user" OWNER TO "postgres";
CREATE TABLE "system_user_role" (
  "role_id" int8,
  "user_id" int8
)
;
ALTER TABLE "system_user_role" OWNER TO "postgres";
BEGIN;
LOCK TABLE "public"."monitor_job" IN SHARE MODE;
DELETE FROM "public"."monitor_job";
INSERT INTO "public"."monitor_job" ("job_id","job_name","job_cron","status","create_time","create_by","update_time","update_by","del_flag","remark","job_args") VALUES (8, '测试任务', '0 * * * * *', 't', '2026-02-10 02:17:20.145+00', NULL, '2026-02-11 06:28:20.973+00', NULL, 'f', '', '["乔治",19,true]')
;
COMMIT;
BEGIN;
LOCK TABLE "public"."system_api" IN SHARE MODE;
DELETE FROM "public"."system_api";
INSERT INTO "public"."system_api" ("api_id","api_name","api_path","api_method","status","create_time","create_by","update_time","update_by","del_flag","remark") VALUES (197, '登录日志-查询列表', '/api/system/login-log/list', '1', 't', '2026-01-21 09:17:41.814552+00', NULL, NULL, NULL, 'f', NULL),(198, '登录日志-查询详情', '/api/system/login-log/:id', '1', 't', '2026-01-21 09:17:41.814552+00', NULL, NULL, NULL, 'f', NULL),(199, '登录日志-删除', '/api/system/login-log/:ids', '4', 't', '2026-01-21 09:17:41.814552+00', NULL, NULL, NULL, 'f', NULL),(148, '认证模块-web账号密码登录', '/api/auth/login', '2', 't', '2026-01-10 08:59:01.524419+00', NULL, NULL, NULL, 'f', NULL),(149, '认证模块-刷新令牌', '/api/auth/refresh', '2', 't', '2026-01-10 08:59:01.524419+00', NULL, NULL, NULL, 'f', NULL),(150, '认证模块-注册用户', '/api/auth/register', '2', 't', '2026-01-10 08:59:01.524419+00', NULL, NULL, NULL, 'f', NULL),(151, '认证模块-忘记密码', '/api/auth/forget', '2', 't', '2026-01-10 08:59:01.524419+00', NULL, NULL, NULL, 'f', NULL),(152, '认证模块-重置密码', '/api/auth/reset-password', '2', 't', '2026-01-10 08:59:01.524419+00', NULL, NULL, NULL, 'f', NULL),(153, '系统字典-查询所有-缓存数据', '/api/system/dict/data/all', '1', 't', '2026-01-10 08:59:01.524419+00', NULL, NULL, NULL, 'f', NULL),(154, '系统用户-创建', '/api/system/user', '2', 't', '2026-01-10 08:59:01.524419+00', NULL, NULL, NULL, 'f', NULL),(155, '系统用户-查询所有', '/api/system/user/all', '1', 't', '2026-01-10 08:59:01.524419+00', NULL, NULL, NULL, 'f', NULL),(156, '系统用户-查询列表', '/api/system/user/list', '1', 't', '2026-01-10 08:59:01.524419+00', NULL, NULL, NULL, 'f', NULL),(157, '系统用户-查询当前用户', '/api/system/user/info', '1', 't', '2026-01-10 08:59:01.524419+00', NULL, NULL, NULL, 'f', NULL),(158, '系统用户-查询详情', '/api/system/user/:id', '1', 't', '2026-01-10 08:59:01.524419+00', NULL, NULL, NULL, 'f', NULL),(159, '系统用户-更新', '/api/system/user', '3', 't', '2026-01-10 08:59:01.524419+00', NULL, NULL, NULL, 'f', NULL),(160, '系统用户-删除', '/api/system/user/:ids', '4', 't', '2026-01-10 08:59:01.524419+00', NULL, NULL, NULL, 'f', NULL),(161, '系统字典-创建-类型', '/api/system/dict/type', '2', 't', '2026-01-10 08:59:01.524419+00', NULL, NULL, NULL, 'f', NULL),(162, '系统字典-查询所有-缓存类型', '/api/system/dict/type/all', '1', 't', '2026-01-10 08:59:01.524419+00', NULL, NULL, NULL, 'f', NULL),(163, '系统字典-查询列表-类型', '/api/system/dict/type/list', '1', 't', '2026-01-10 08:59:01.524419+00', NULL, NULL, NULL, 'f', NULL),(164, '系统字典-查询详情-类型', '/api/system/dict/type/:id', '1', 't', '2026-01-10 08:59:01.524419+00', NULL, NULL, NULL, 'f', NULL),(165, '系统字典-更新-类型', '/api/system/dict/type', '3', 't', '2026-01-10 08:59:01.524419+00', NULL, NULL, NULL, 'f', NULL),(166, '系统字典-删除-类型', '/api/system/dict/type/:ids', '4', 't', '2026-01-10 08:59:01.524419+00', NULL, NULL, NULL, 'f', NULL),(167, '系统字典-创建-数据', '/api/system/dict/data', '2', 't', '2026-01-10 08:59:01.524419+00', NULL, NULL, NULL, 'f', NULL),(168, '系统字典-查询列表-数据', '/api/system/dict/data/list', '1', 't', '2026-01-10 08:59:01.524419+00', NULL, NULL, NULL, 'f', NULL),(169, '系统字典-查询详情-数据', '/api/system/dict/data/:id', '1', 't', '2026-01-10 08:59:01.524419+00', NULL, NULL, NULL, 'f', NULL),(170, '系统字典-更新-数据', '/api/system/dict/data', '3', 't', '2026-01-10 08:59:01.524419+00', NULL, NULL, NULL, 'f', NULL),(171, '系统字典-删除-数据', '/api/system/dict/data/:ids', '4', 't', '2026-01-10 08:59:01.524419+00', NULL, NULL, NULL, 'f', NULL),(172, '系统菜单-创建菜单', '/api/system/menu', '2', 't', '2026-01-10 08:59:01.524419+00', NULL, NULL, NULL, 'f', NULL),(173, '系统菜单-查询用户菜单树', '/api/system/menu/simple', '1', 't', '2026-01-10 08:59:01.524419+00', NULL, NULL, NULL, 'f', NULL),(174, '系统菜单-查询完整菜单树', '/api/system/menu/tree', '1', 't', '2026-01-10 08:59:01.524419+00', NULL, NULL, NULL, 'f', NULL),(175, '系统菜单-查询菜单详情', '/api/system/menu/:id', '1', 't', '2026-01-10 08:59:01.524419+00', NULL, NULL, NULL, 'f', NULL),(176, '系统菜单-更新菜单', '/api/system/menu', '3', 't', '2026-01-10 08:59:01.524419+00', NULL, NULL, NULL, 'f', NULL),(177, '系统菜单-删除菜单', '/api/system/menu/:ids', '4', 't', '2026-01-10 08:59:01.524419+00', NULL, NULL, NULL, 'f', NULL),(178, '系统菜单-创建按钮', '/api/system/menu/btn', '2', 't', '2026-01-10 08:59:01.524419+00', NULL, NULL, NULL, 'f', NULL),(179, '系统菜单-更新按钮', '/api/system/menu/btn', '3', 't', '2026-01-10 08:59:01.524419+00', NULL, NULL, NULL, 'f', NULL),(180, '系统菜单-删除按钮', '/api/system/menu/btn/:ids', '4', 't', '2026-01-10 08:59:01.524419+00', NULL, NULL, NULL, 'f', NULL),(181, '系统角色-创建', '/api/system/role', '2', 't', '2026-01-10 08:59:01.524419+00', NULL, NULL, NULL, 'f', NULL),(182, '系统角色-查询列表', '/api/system/role/list', '1', 't', '2026-01-10 08:59:01.524419+00', NULL, NULL, NULL, 'f', NULL),(183, '系统角色-查询角色权限', '/api/system/role/permission/:id', '1', 't', '2026-01-10 08:59:01.524419+00', NULL, NULL, NULL, 'f', NULL),(184, '系统角色-查询详情', '/api/system/role/:id', '1', 't', '2026-01-10 08:59:01.524419+00', NULL, NULL, NULL, 'f', NULL),(185, '系统角色-更新', '/api/system/role', '3', 't', '2026-01-10 08:59:01.524419+00', NULL, NULL, NULL, 'f', NULL),(186, '系统角色-更新角色权限', '/api/system/role/permission', '3', 't', '2026-01-10 08:59:01.524419+00', NULL, NULL, NULL, 'f', NULL),(187, '系统角色-删除', '/api/system/role/:ids', '4', 't', '2026-01-10 08:59:01.524419+00', NULL, NULL, NULL, 'f', NULL),(188, '系统部门-创建', '/api/system/dept', '2', 't', '2026-01-10 08:59:01.524419+00', NULL, NULL, NULL, 'f', NULL),(189, '系统部门-查询部门树', '/api/system/dept/tree', '1', 't', '2026-01-10 08:59:01.524419+00', NULL, NULL, NULL, 'f', NULL),(190, '系统部门-更新', '/api/system/dept', '3', 't', '2026-01-10 08:59:01.524419+00', NULL, NULL, NULL, 'f', NULL),(191, '系统部门-删除', '/api/system/dept/:ids', '4', 't', '2026-01-10 08:59:01.524419+00', NULL, NULL, NULL, 'f', NULL),(192, '系统API-创建', '/api/system/api', '2', 't', '2026-01-10 08:59:01.524419+00', NULL, NULL, NULL, 'f', NULL),(193, '系统API-查询列表', '/api/system/api/list', '1', 't', '2026-01-10 08:59:01.524419+00', NULL, NULL, NULL, 'f', NULL),(194, '系统API-查询详情', '/api/system/api/:id', '1', 't', '2026-01-10 08:59:01.524419+00', NULL, NULL, NULL, 'f', NULL),(196, '系统API-删除', '/api/system/api/:ids', '4', 't', '2026-01-10 08:59:01.524419+00', NULL, NULL, NULL, 'f', NULL),(206, '系统IP黑名单-删除', '/api/system/ip-black/:ids', '4', 't', '2026-01-24 05:26:10.282+00', NULL, '2026-01-24 08:17:16.879+00', NULL, 'f', NULL),(195, '系统API-更新', '/api/system/api', '3', 't', '2026-01-10 08:59:01.524+00', NULL, '2026-01-23 07:44:58.028+00', NULL, 'f', NULL),(200, '操作日志-查询列表', '/api/system/oper-log/list', '1', 't', '2026-01-23 08:12:23.256932+00', NULL, NULL, NULL, 'f', NULL),(201, '操作日志-查询详情', '/api/system/oper-log/:id', '1', 't', '2026-01-23 08:12:23.256932+00', NULL, NULL, NULL, 'f', NULL),(202, '操作日志-删除', '/api/system/oper-log/:ids', '4', 't', '2026-01-23 08:12:23.256932+00', NULL, NULL, NULL, 'f', NULL),(203, '系统IP黑名单-创建', '/api/system/ip-black', '2', 't', '2026-01-24 05:26:10.282712+00', NULL, NULL, NULL, 'f', NULL),(204, '系统IP黑名单-查询全部', '/api/system/ip-black/all', '1', 't', '2026-01-24 05:26:10.282712+00', NULL, NULL, NULL, 'f', NULL),(207, '健康检查-系统健康检查', '/api/health', '1', 't', '2026-01-26 06:11:14.276327+00', NULL, NULL, NULL, 'f', NULL),(208, '健康检查-数据库健康检查', '/api/health/db', '1', 't', '2026-01-26 06:11:14.276327+00', NULL, NULL, NULL, 'f', NULL),(205, '系统IP黑名单-更新', '/api/system/ip-black', '3', 't', '2026-01-24 05:26:10.282+00', NULL, '2026-01-24 08:16:56.659+00', NULL, 'f', NULL),(209, '健康检查-Redis健康检查', '/api/health/redis', '1', 't', '2026-01-26 06:13:00.382006+00', NULL, NULL, NULL, 'f', NULL),(210, '系统角色-下拉选项数据', '/api/system/role/options', '1', 't', '2026-02-03 05:29:29.788639+00', NULL, NULL, NULL, 'f', NULL),(211, '系统部门-下拉选项数据', '/api/system/dept/options', '1', 't', '2026-02-03 05:47:06.306977+00', NULL, NULL, NULL, 'f', NULL),(212, '系统用户-查询个人基本信息', '/api/system/user/basic', '1', 't', '2026-02-05 09:06:25.163693+00', NULL, NULL, NULL, 'f', NULL),(213, '系统用户-查询个人基本权限', '/api/system/user/permission', '1', 't', '2026-02-05 09:08:59.061484+00', NULL, NULL, NULL, 'f', NULL),(214, '系统用户-更新个人基本信息', '/api/system/user/basic', '3', 't', '2026-02-05 09:40:08.540302+00', NULL, NULL, NULL, 'f', NULL),(215, '系统用户-更新个人密码', '/api/system/user/password', '3', 't', '2026-02-06 03:15:59.835335+00', NULL, NULL, NULL, 'f', NULL),(216, '系统用户-查询个人基本权限', '/api/system/user/perm', '1', 't', '2026-02-06 05:17:21.141427+00', NULL, NULL, NULL, 'f', NULL),(217, '定时任务-查询列表', '/api/monitor/job/list', '1', 't', '2026-02-09 06:35:03.069241+00', NULL, NULL, NULL, 'f', NULL),(218, '在线用户-查询列表', '/api/monitor/online/list', '1', 't', '2026-02-09 06:35:03.069241+00', NULL, NULL, NULL, 'f', NULL),(219, '在线用户-强退', '/api/monitor/online/forceLogout/:ids', '4', 't', '2026-02-09 06:35:03.069241+00', NULL, NULL, NULL, 'f', NULL),(220, '定时任务-创建', '/api/monitor/job', '2', 't', '2026-02-09 08:15:58.993802+00', NULL, NULL, NULL, 'f', NULL),(221, '定时任务-更新', '/api/monitor/job', '3', 't', '2026-02-09 08:15:58.993802+00', NULL, NULL, NULL, 'f', NULL),(222, '定时任务-删除', '/api/monitor/job/:ids', '4', 't', '2026-02-09 08:16:09.768199+00', NULL, NULL, NULL, 'f', NULL),(223, '存储配置-创建', '/api/system/storage', '2', 't', '2026-02-11 08:27:01.811948+00', NULL, NULL, NULL, 'f', NULL),(224, '存储配置-查询列表', '/api/system/storage/list', '1', 't', '2026-02-11 08:27:01.811948+00', NULL, NULL, NULL, 'f', NULL),(225, '存储配置-更新', '/api/system/storage', '3', 't', '2026-02-11 08:27:01.811948+00', NULL, NULL, NULL, 'f', NULL),(226, '存储配置-删除', '/api/system/storage/:ids', '4', 't', '2026-02-11 08:27:01.811948+00', NULL, NULL, NULL, 'f', NULL),(227, '存储配置-查询全部', '/api/system/storage/all', '1', 't', '2026-02-11 08:31:59.77411+00', NULL, NULL, NULL, 'f', NULL)
;
COMMIT;
BEGIN;
LOCK TABLE "public"."system_dept" IN SHARE MODE;
DELETE FROM "public"."system_dept";
INSERT INTO "public"."system_dept" ("dept_id","dept_name","status","parent_id","create_time","create_by","update_time","update_by","del_flag","remark","sort") VALUES (1, 'Elysia-Admin科技', 't', 0, '2025-12-31 05:30:19.896242+00', NULL, NULL, NULL, 'f', NULL, 0),(2, '长沙总公司', 't', 1, '2025-12-31 05:38:35.375031+00', NULL, NULL, NULL, 'f', NULL, 0),(3, '杭州分公司', 't', 1, '2025-12-31 05:38:44.9+00', NULL, '2025-12-31 09:23:34.735+00', NULL, 'f', '', 0),(4, '研发部门', 't', 2, '2025-12-31 09:27:56.164569+00', NULL, NULL, NULL, 'f', NULL, 0),(5, '市场部门', 't', 2, '2026-01-06 07:57:35.255585+00', NULL, NULL, NULL, 'f', NULL, 0),(6, '测试部门', 't', 2, '2026-01-06 07:58:01.206845+00', NULL, NULL, NULL, 'f', NULL, 0),(7, '财务部门', 't', 2, '2026-01-06 07:58:15.84004+00', NULL, NULL, NULL, 'f', NULL, 0),(8, '运维部门', 't', 2, '2026-01-06 07:58:24.001631+00', NULL, '2026-01-06 08:03:57.027+00', NULL, 'f', NULL, 0)
;
COMMIT;
BEGIN;
LOCK TABLE "public"."system_dict_data" IN SHARE MODE;
DELETE FROM "public"."system_dict_data";
INSERT INTO "public"."system_dict_data" ("dict_code","dict_sort","dict_value","dict_label","dict_type","status","create_time","create_by","update_time","update_by","del_flag","remark","tag_type","custom_class") VALUES (1, 0, '0', '未知', 'system_user_sex', 't', '2025-12-15 07:26:11.870532+00', NULL, NULL, NULL, 'f', NULL, NULL, NULL),(2, 1, '1', '男', 'system_user_sex', 't', '2025-12-15 07:26:20.125+00', NULL, '2025-12-22 07:06:06.339+00', NULL, 'f', NULL, NULL, NULL),(3, 2, '2', '女', 'system_user_sex', 't', '2025-12-15 07:26:26.649+00', NULL, '2025-12-22 07:06:10.191+00', NULL, 'f', NULL, NULL, NULL),(4, 0, '0', '系统通知', 'system_notice_type', 't', '2025-12-22 06:18:34.393991+00', NULL, '2025-12-22 07:42:26.789+00', NULL, 'f', NULL, NULL, NULL),(8, 0, '4', 'DELETE', 'api_request_method', 't', '2025-12-24 07:44:27.425+00', NULL, '2025-12-29 03:00:48.842+00', NULL, 'f', '', 'danger', ''),(7, 0, '3', 'PUT', 'api_request_method', 't', '2025-12-24 07:44:18.668+00', NULL, '2025-12-29 03:01:00.962+00', NULL, 'f', '', 'warning', ''),(5, 0, '2', 'POST', 'api_request_method', 't', '2025-12-24 07:43:57.346+00', NULL, '2026-02-05 05:42:09.755+00', NULL, 'f', '', 'success', ''),(6, 0, '1', 'GET', 'api_request_method', 't', '2025-12-24 07:44:11.389+00', NULL, '2026-02-05 05:42:15.357+00', NULL, 'f', '', 'info', ''),(9, 0, 'admin', '管理员', 'system_user_type', 't', '2026-02-09 07:03:37.970308+00', NULL, NULL, NULL, 'f', '', 'danger', ''),(10, 0, 'user', '普通用户', 'system_user_type', 't', '2026-02-09 07:03:57.351573+00', NULL, NULL, NULL, 'f', '', 'info', '')
;
COMMIT;
BEGIN;
LOCK TABLE "public"."system_dict_type" IN SHARE MODE;
DELETE FROM "public"."system_dict_type";
INSERT INTO "public"."system_dict_type" ("dict_id","dict_name","dict_type","status","create_time","create_by","update_time","update_by","del_flag","remark") VALUES (1, '用户性别', 'system_user_sex', 't', '2025-12-15 07:22:45.589436+00', NULL, NULL, NULL, 'f', NULL),(2, '通知类型', 'system_notice_type', 't', '2025-12-22 06:12:58.98+00', NULL, '2025-12-22 07:04:21.064+00', NULL, 'f', NULL),(3, 'API请求方法', 'api_request_method', 't', '2025-12-24 07:40:36.046+00', NULL, '2026-01-07 03:19:12.302+00', NULL, 'f', NULL),(4, '系统用户类型', 'system_user_type', 't', '2026-02-09 07:02:58.958448+00', NULL, NULL, NULL, 'f', NULL)
;
COMMIT;
BEGIN;
LOCK TABLE "public"."system_ip_black" IN SHARE MODE;
DELETE FROM "public"."system_ip_black";
INSERT INTO "public"."system_ip_black" ("ip_black_id","ip_address","status","create_time","create_by","update_time","update_by","del_flag","remark") VALUES (6, '192.168.2.3', 't', '2026-01-24 07:45:47.878+00', NULL, '2026-01-24 08:38:01.061+00', NULL, 'f', '')
;
COMMIT;
BEGIN;
LOCK TABLE "public"."system_login_log" IN SHARE MODE;
DELETE FROM "public"."system_login_log";
INSERT INTO "public"."system_login_log" ("log_id","login_type","client_type","client_platform","ipaddr","login_location","user_agent","os","message","status","create_time","create_by","update_time","update_by","del_flag","remark") VALUES (30, 'admin', 'web', 'chrome', '192.168.2.22', '内网地址', 'Mozilla/5.0 (Windows NT 10.0; Win64; x64) AppleWebKit/537.36 (KHTML, like Gecko) Chrome/143.0.0.0 Safari/537.36', 'Windows 10/11', '操作成功', 't', '2026-01-26 07:01:24.27823+00', 1, NULL, NULL, 'f', NULL),(14, 'admin', 'web', 'chrome', '192.168.2.22', '内网地址', 'Mozilla/5.0 (Windows NT 10.0; Win64; x64) AppleWebKit/537.36 (KHTML, like Gecko) Chrome/143.0.0.0 Safari/537.36', 'Windows 10', '操作成功', 't', '2026-01-23 08:02:12.020063+00', 1, NULL, NULL, 'f', NULL),(15, 'admin', 'web', 'chrome', '192.168.2.22', '内网地址', 'Mozilla/5.0 (Windows NT 10.0; Win64; x64) AppleWebKit/537.36 (KHTML, like Gecko) Chrome/143.0.0.0 Safari/537.36', 'Windows 10/11', '操作成功', 't', '2026-01-24 07:35:21.427881+00', 1, NULL, NULL, 'f', NULL),(16, 'admin', 'web', 'chrome', '192.168.2.22', '内网地址', 'Mozilla/5.0 (Windows NT 10.0; Win64; x64) AppleWebKit/537.36 (KHTML, like Gecko) Chrome/143.0.0.0 Safari/537.36', 'Windows 10/11', '操作成功', 't', '2026-01-24 07:45:20.595852+00', 1, NULL, NULL, 'f', NULL),(17, 'admin', 'web', 'chrome', '192.168.2.3', '内网地址', 'Mozilla/5.0 (Windows NT 10.0; Win64; x64) AppleWebKit/537.36 (KHTML, like Gecko) Chrome/143.0.0.0 Safari/537.36', 'Windows 10/11', '操作成功', 't', '2026-01-24 07:49:13.330033+00', 1, NULL, NULL, 'f', NULL),(18, 'admin', 'web', 'chrome', '192.168.2.22', '内网地址', 'Mozilla/5.0 (Windows NT 10.0; Win64; x64) AppleWebKit/537.36 (KHTML, like Gecko) Chrome/143.0.0.0 Safari/537.36', 'Windows 10/11', '操作成功', 't', '2026-01-26 02:59:40.867494+00', 1, NULL, NULL, 'f', NULL),(19, 'admin', 'web', 'chrome', '192.168.2.22', '内网地址', 'Mozilla/5.0 (Windows NT 10.0; Win64; x64) AppleWebKit/537.36 (KHTML, like Gecko) Chrome/143.0.0.0 Safari/537.36', 'Windows 10/11', '操作成功', 't', '2026-01-26 03:00:18.04803+00', 1, NULL, NULL, 'f', NULL),(20, 'admin', 'web', 'chrome', '192.168.2.22', '内网地址', 'Mozilla/5.0 (Windows NT 10.0; Win64; x64) AppleWebKit/537.36 (KHTML, like Gecko) Chrome/143.0.0.0 Safari/537.36', 'Windows 10/11', '操作成功', 't', '2026-01-26 03:00:57.41626+00', 1, NULL, NULL, 'f', NULL),(21, 'admin', 'web', 'chrome', '192.168.2.22', '内网地址', 'Mozilla/5.0 (Windows NT 10.0; Win64; x64) AppleWebKit/537.36 (KHTML, like Gecko) Chrome/143.0.0.0 Safari/537.36', 'Windows 10/11', '操作成功', 't', '2026-01-26 03:01:19.697876+00', 1, NULL, NULL, 'f', NULL),(22, 'admin', 'web', 'chrome', '192.168.2.22', '内网地址', 'Mozilla/5.0 (Windows NT 10.0; Win64; x64) AppleWebKit/537.36 (KHTML, like Gecko) Chrome/143.0.0.0 Safari/537.36', 'Windows 10/11', '操作成功', 't', '2026-01-26 03:01:53.314121+00', 1, NULL, NULL, 'f', NULL),(23, 'admin', 'web', 'chrome', '192.168.2.22', '内网地址', 'Mozilla/5.0 (Windows NT 10.0; Win64; x64) AppleWebKit/537.36 (KHTML, like Gecko) Chrome/143.0.0.0 Safari/537.36', 'Windows 10/11', '操作成功', 't', '2026-01-26 03:02:54.9419+00', 1, NULL, NULL, 'f', NULL),(24, 'admin', 'web', 'chrome', '192.168.2.22', '内网地址', 'Mozilla/5.0 (Windows NT 10.0; Win64; x64) AppleWebKit/537.36 (KHTML, like Gecko) Chrome/143.0.0.0 Safari/537.36', 'Windows 10/11', '操作成功', 't', '2026-01-26 03:03:23.044173+00', 1, NULL, NULL, 'f', NULL),(25, 'admin', 'web', 'chrome', '192.168.2.22', '内网地址', 'Mozilla/5.0 (Windows NT 10.0; Win64; x64) AppleWebKit/537.36 (KHTML, like Gecko) Chrome/143.0.0.0 Safari/537.36', 'Windows 10/11', '操作成功', 't', '2026-01-26 03:03:59.133383+00', 1, NULL, NULL, 'f', NULL),(26, 'admin', 'web', 'chrome', '192.168.2.22', '内网地址', 'Mozilla/5.0 (Windows NT 10.0; Win64; x64) AppleWebKit/537.36 (KHTML, like Gecko) Chrome/143.0.0.0 Safari/537.36', 'Windows 10/11', '操作成功', 't', '2026-01-26 03:28:37.251769+00', 1, NULL, NULL, 'f', NULL),(27, 'admin', 'web', 'chrome', '192.168.2.22', '内网地址', 'Mozilla/5.0 (Linux; Android 6.0; Nexus 5 Build/MRA58N) AppleWebKit/537.36 (KHTML, like Gecko) Chrome/143.0.0.0 Mobile Safari/537.36', 'Android 6.0', '操作成功', 't', '2026-01-26 05:33:27.376384+00', 1, NULL, NULL, 'f', NULL),(28, 'admin', 'web', 'chrome', '192.168.2.22', '内网地址', 'Mozilla/5.0 (Linux; Android 6.0; Nexus 5 Build/MRA58N) AppleWebKit/537.36 (KHTML, like Gecko) Chrome/143.0.0.0 Mobile Safari/537.36', 'Android 6.0', '操作成功', 't', '2026-01-26 05:59:26.617842+00', 1, NULL, NULL, 'f', NULL),(29, 'admin', 'web', 'chrome', '192.168.2.22', '内网地址', 'Mozilla/5.0 (Windows NT 10.0; Win64; x64) AppleWebKit/537.36 (KHTML, like Gecko) Chrome/143.0.0.0 Safari/537.36', 'Windows 10/11', '操作成功', 't', '2026-01-26 06:45:02.048269+00', 1, NULL, NULL, 'f', NULL),(31, 'admin', 'web', 'chrome', '192.168.2.22', '内网地址', 'Mozilla/5.0 (Windows NT 10.0; Win64; x64) AppleWebKit/537.36 (KHTML, like Gecko) Chrome/143.0.0.0 Safari/537.36', 'Windows 10/11', '操作成功', 't', '2026-01-26 07:01:52.750747+00', 1, NULL, NULL, 'f', NULL),(32, 'admin', 'web', 'chrome', '192.168.2.22', '内网地址', 'Mozilla/5.0 (Windows NT 10.0; Win64; x64) AppleWebKit/537.36 (KHTML, like Gecko) Chrome/143.0.0.0 Safari/537.36', 'Windows 10/11', '操作成功', 't', '2026-01-26 07:02:08.258542+00', 1, NULL, NULL, 'f', NULL),(33, 'admin', 'web', 'chrome', '192.168.2.22', '内网地址', 'Mozilla/5.0 (Windows NT 10.0; Win64; x64) AppleWebKit/537.36 (KHTML, like Gecko) Chrome/143.0.0.0 Safari/537.36', 'Windows 10/11', '操作成功', 't', '2026-01-26 07:02:44.389464+00', 1, NULL, NULL, 'f', NULL),(34, 'admin', 'web', 'chrome', '192.168.2.22', '内网地址', 'Mozilla/5.0 (Windows NT 10.0; Win64; x64) AppleWebKit/537.36 (KHTML, like Gecko) Chrome/143.0.0.0 Safari/537.36', 'Windows 10/11', '操作成功', 't', '2026-01-26 07:05:55.866661+00', 1, NULL, NULL, 'f', NULL),(35, 'admin', 'web', 'chrome', '192.168.2.22', '内网地址', 'Mozilla/5.0 (Windows NT 10.0; Win64; x64) AppleWebKit/537.36 (KHTML, like Gecko) Chrome/143.0.0.0 Safari/537.36', 'Windows 10/11', '操作成功', 't', '2026-01-26 07:14:51.684987+00', 1, NULL, NULL, 'f', NULL),(36, 'admin', 'web', 'chrome', '192.168.2.22', '内网地址', 'Mozilla/5.0 (Windows NT 10.0; Win64; x64) AppleWebKit/537.36 (KHTML, like Gecko) Chrome/143.0.0.0 Safari/537.36', 'Windows 10/11', '操作成功', 't', '2026-01-26 07:19:04.960411+00', 1, NULL, NULL, 'f', NULL),(37, 'admin', 'web', 'chrome', '192.168.2.22', '内网地址', 'Mozilla/5.0 (Windows NT 10.0; Win64; x64) AppleWebKit/537.36 (KHTML, like Gecko) Chrome/143.0.0.0 Safari/537.36', 'Windows 10/11', '操作成功', 't', '2026-01-26 07:45:51.320313+00', 1, NULL, NULL, 'f', NULL),(38, 'admin', 'web', 'chrome', '192.168.2.22', '内网地址', 'Mozilla/5.0 (Windows NT 10.0; Win64; x64) AppleWebKit/537.36 (KHTML, like Gecko) Chrome/143.0.0.0 Safari/537.36', 'Windows 10/11', '操作成功', 't', '2026-01-26 08:08:59.59318+00', 1, NULL, NULL, 'f', NULL),(39, 'admin', 'web', 'chrome', '192.168.2.22', '内网地址', 'Mozilla/5.0 (Windows NT 10.0; Win64; x64) AppleWebKit/537.36 (KHTML, like Gecko) Chrome/143.0.0.0 Safari/537.36', 'Windows 10/11', '操作成功', 't', '2026-01-31 07:03:46.22367+00', 1, NULL, NULL, 'f', NULL),(40, 'admin', 'web', 'chrome', '192.168.2.22', '内网地址', 'Mozilla/5.0 (Windows NT 10.0; Win64; x64) AppleWebKit/537.36 (KHTML, like Gecko) Chrome/143.0.0.0 Safari/537.36', 'Windows 10/11', '操作成功', 't', '2026-01-31 07:16:52.056126+00', 1, NULL, NULL, 'f', NULL),(41, 'admin', 'web', 'chrome', '192.168.2.22', '内网地址', 'Mozilla/5.0 (Windows NT 10.0; Win64; x64) AppleWebKit/537.36 (KHTML, like Gecko) Chrome/143.0.0.0 Safari/537.36', 'Windows 10/11', '操作成功', 't', '2026-01-31 07:32:27.635405+00', 1, NULL, NULL, 'f', NULL),(42, 'admin', 'web', 'chrome', '192.168.2.22', '内网地址', 'Mozilla/5.0 (Windows NT 10.0; Win64; x64) AppleWebKit/537.36 (KHTML, like Gecko) Chrome/143.0.0.0 Safari/537.36', 'Windows 10/11', '操作成功', 't', '2026-01-31 07:33:42.652617+00', 1, NULL, NULL, 'f', NULL),(43, 'admin', 'web', 'chrome', '192.168.2.22', '内网地址', 'Mozilla/5.0 (Windows NT 10.0; Win64; x64) AppleWebKit/537.36 (KHTML, like Gecko) Chrome/143.0.0.0 Safari/537.36', 'Windows 10/11', '操作成功', 't', '2026-01-31 07:34:29.986486+00', 1, NULL, NULL, 'f', NULL),(44, 'admin', 'web', 'chrome', '192.168.2.22', '内网地址', 'Mozilla/5.0 (Windows NT 10.0; Win64; x64) AppleWebKit/537.36 (KHTML, like Gecko) Chrome/143.0.0.0 Safari/537.36', 'Windows 10/11', '操作成功', 't', '2026-01-31 07:43:27.668959+00', 1, NULL, NULL, 'f', NULL),(45, 'admin', 'web', 'chrome', '192.168.2.22', '内网地址', 'Mozilla/5.0 (Windows NT 10.0; Win64; x64) AppleWebKit/537.36 (KHTML, like Gecko) Chrome/143.0.0.0 Safari/537.36', 'Windows 10/11', '操作成功', 't', '2026-01-31 07:45:30.102289+00', 1, NULL, NULL, 'f', NULL),(46, 'admin', 'web', 'chrome', '192.168.2.22', '内网地址', 'Mozilla/5.0 (Windows NT 10.0; Win64; x64) AppleWebKit/537.36 (KHTML, like Gecko) Chrome/143.0.0.0 Safari/537.36', 'Windows 10/11', '操作成功', 't', '2026-01-31 08:03:06.838241+00', 1, NULL, NULL, 'f', NULL),(47, 'admin', 'web', 'chrome', '192.168.2.22', '内网地址', 'Mozilla/5.0 (Windows NT 10.0; Win64; x64) AppleWebKit/537.36 (KHTML, like Gecko) Chrome/143.0.0.0 Safari/537.36', 'Windows 10/11', '操作成功', 't', '2026-01-31 08:03:47.756179+00', 1, NULL, NULL, 'f', NULL),(48, 'admin', 'web', 'chrome', '192.168.2.22', '内网地址', 'Mozilla/5.0 (Windows NT 10.0; Win64; x64) AppleWebKit/537.36 (KHTML, like Gecko) Chrome/143.0.0.0 Safari/537.36', 'Windows 10/11', '操作成功', 't', '2026-01-31 08:19:50.535412+00', 1, NULL, NULL, 'f', NULL),(49, 'admin', 'web', 'chrome', '192.168.2.22', '内网地址', 'Mozilla/5.0 (Windows NT 10.0; Win64; x64) AppleWebKit/537.36 (KHTML, like Gecko) Chrome/143.0.0.0 Safari/537.36', 'Windows 10/11', '操作成功', 't', '2026-01-31 08:32:47.096896+00', 1, NULL, NULL, 'f', NULL),(50, 'admin', 'web', 'chrome', '192.168.2.22', '内网地址', 'Mozilla/5.0 (Windows NT 10.0; Win64; x64) AppleWebKit/537.36 (KHTML, like Gecko) Chrome/143.0.0.0 Safari/537.36', 'Windows 10/11', '操作成功', 't', '2026-01-31 08:33:17.854035+00', 1, NULL, NULL, 'f', NULL),(51, 'admin', 'web', 'chrome', '192.168.2.22', '内网地址', 'Mozilla/5.0 (Windows NT 10.0; Win64; x64) AppleWebKit/537.36 (KHTML, like Gecko) Chrome/143.0.0.0 Safari/537.36', 'Windows 10/11', '操作成功', 't', '2026-01-31 08:34:13.601558+00', 1, NULL, NULL, 'f', NULL),(52, 'admin', 'web', 'chrome', '192.168.2.22', '内网地址', 'Mozilla/5.0 (Windows NT 10.0; Win64; x64) AppleWebKit/537.36 (KHTML, like Gecko) Chrome/143.0.0.0 Safari/537.36', 'Windows 10/11', '操作成功', 't', '2026-01-31 08:44:02.504052+00', 1, NULL, NULL, 'f', NULL),(53, 'admin', 'web', 'chrome', '192.168.2.22', '内网地址', 'Mozilla/5.0 (Windows NT 10.0; Win64; x64) AppleWebKit/537.36 (KHTML, like Gecko) Chrome/143.0.0.0 Safari/537.36', 'Windows 10/11', '操作成功', 't', '2026-01-31 09:03:31.926837+00', 1, NULL, NULL, 'f', NULL),(54, 'admin', 'web', 'chrome', '192.168.2.22', '内网地址', 'Mozilla/5.0 (Windows NT 10.0; Win64; x64) AppleWebKit/537.36 (KHTML, like Gecko) Chrome/143.0.0.0 Safari/537.36', 'Windows 10/11', '操作成功', 't', '2026-01-31 09:32:41.354724+00', 1, NULL, NULL, 'f', NULL),(55, 'admin', 'web', 'chrome', '192.168.2.22', '内网地址', 'Mozilla/5.0 (Windows NT 10.0; Win64; x64) AppleWebKit/537.36 (KHTML, like Gecko) Chrome/144.0.0.0 Safari/537.36', 'Windows 10/11', '操作成功', 't', '2026-02-03 03:18:56.011622+00', 1, NULL, NULL, 'f', NULL),(56, 'admin', 'web', 'chrome', '192.168.2.22', '内网地址', 'Mozilla/5.0 (Windows NT 10.0; Win64; x64) AppleWebKit/537.36 (KHTML, like Gecko) Chrome/144.0.0.0 Safari/537.36', 'Windows 10/11', '操作成功', 't', '2026-02-03 03:34:01.125521+00', 1, NULL, NULL, 'f', NULL),(57, 'admin', 'web', 'chrome', '192.168.2.22', '内网地址', 'Mozilla/5.0 (Windows NT 10.0; Win64; x64) AppleWebKit/537.36 (KHTML, like Gecko) Chrome/144.0.0.0 Safari/537.36', 'Windows 10/11', '操作成功', 't', '2026-02-03 05:18:27.277597+00', 1, NULL, NULL, 'f', NULL),(58, 'admin', 'web', 'chrome', '192.168.2.22', '内网地址', 'Mozilla/5.0 (Windows NT 10.0; Win64; x64) AppleWebKit/537.36 (KHTML, like Gecko) Chrome/144.0.0.0 Safari/537.36', 'Windows 10/11', '操作成功', 't', '2026-02-03 05:39:35.600842+00', 1, NULL, NULL, 'f', NULL),(59, 'admin', 'web', 'chrome', '192.168.2.22', '内网地址', 'Mozilla/5.0 (Windows NT 10.0; Win64; x64) AppleWebKit/537.36 (KHTML, like Gecko) Chrome/144.0.0.0 Safari/537.36', 'Windows 10/11', '操作成功', 't', '2026-02-03 05:54:46.384923+00', 1, NULL, NULL, 'f', NULL),(60, 'admin', 'web', 'chrome', '192.168.2.22', '内网地址', 'Mozilla/5.0 (Windows NT 10.0; Win64; x64) AppleWebKit/537.36 (KHTML, like Gecko) Chrome/144.0.0.0 Safari/537.36', 'Windows 10/11', '操作成功', 't', '2026-02-03 06:18:34.725488+00', 1, NULL, NULL, 'f', NULL),(61, 'admin', 'web', 'chrome', '192.168.2.22', '内网地址', 'Mozilla/5.0 (Windows NT 10.0; Win64; x64) AppleWebKit/537.36 (KHTML, like Gecko) Chrome/144.0.0.0 Safari/537.36', 'Windows 10/11', '操作成功', 't', '2026-02-03 07:42:55.84837+00', 1, NULL, NULL, 'f', NULL),(62, 'admin', 'web', 'chrome', '192.168.2.22', '内网地址', 'Mozilla/5.0 (Windows NT 10.0; Win64; x64) AppleWebKit/537.36 (KHTML, like Gecko) Chrome/144.0.0.0 Safari/537.36', 'Windows 10/11', '操作成功', 't', '2026-02-04 06:19:38.260392+00', 1, NULL, NULL, 'f', NULL),(63, 'admin', 'web', 'chrome', '192.168.2.22', '内网地址', 'Mozilla/5.0 (Windows NT 10.0; Win64; x64) AppleWebKit/537.36 (KHTML, like Gecko) Chrome/144.0.0.0 Safari/537.36', 'Windows 10/11', '操作成功', 't', '2026-02-04 06:38:56.540467+00', 1, NULL, NULL, 'f', NULL),(64, 'admin', 'web', 'chrome', '192.168.2.22', '内网地址', 'Mozilla/5.0 (Windows NT 10.0; Win64; x64) AppleWebKit/537.36 (KHTML, like Gecko) Chrome/144.0.0.0 Safari/537.36', 'Windows 10/11', '操作成功', 't', '2026-02-04 06:56:16.478289+00', 1, NULL, NULL, 'f', NULL),(65, 'admin', 'web', 'chrome', '192.168.2.22', '内网地址', 'Mozilla/5.0 (Windows NT 10.0; Win64; x64) AppleWebKit/537.36 (KHTML, like Gecko) Chrome/144.0.0.0 Safari/537.36', 'Windows 10/11', '操作成功', 't', '2026-02-04 07:25:01.958131+00', 1, NULL, NULL, 'f', NULL),(66, 'admin', 'web', 'chrome', '192.168.2.22', '内网地址', 'Mozilla/5.0 (Windows NT 10.0; Win64; x64) AppleWebKit/537.36 (KHTML, like Gecko) Chrome/144.0.0.0 Safari/537.36', 'Windows 10/11', '操作成功', 't', '2026-02-04 08:07:15.415189+00', 1, NULL, NULL, 'f', NULL),(67, 'admin', 'web', 'chrome', '192.168.2.22', '内网地址', 'Mozilla/5.0 (Windows NT 10.0; Win64; x64) AppleWebKit/537.36 (KHTML, like Gecko) Chrome/144.0.0.0 Safari/537.36', 'Windows 10/11', '操作成功', 't', '2026-02-04 08:25:52.312415+00', 1, NULL, NULL, 'f', NULL),(68, 'admin', 'web', 'chrome', '192.168.2.22', '内网地址', 'Mozilla/5.0 (Windows NT 10.0; Win64; x64) AppleWebKit/537.36 (KHTML, like Gecko) Chrome/144.0.0.0 Safari/537.36', 'Windows 10/11', '操作成功', 't', '2026-02-04 08:44:19.447733+00', 1, NULL, NULL, 'f', NULL),(69, 'admin', 'web', 'chrome', '192.168.2.22', '内网地址', 'Mozilla/5.0 (Windows NT 10.0; Win64; x64) AppleWebKit/537.36 (KHTML, like Gecko) Chrome/144.0.0.0 Safari/537.36', 'Windows 10/11', '操作成功', 't', '2026-02-04 09:32:05.748598+00', 1, NULL, NULL, 'f', NULL),(70, 'admin', 'web', 'chrome', '192.168.2.22', '内网地址', 'Mozilla/5.0 (Windows NT 10.0; Win64; x64) AppleWebKit/537.36 (KHTML, like Gecko) Chrome/144.0.0.0 Safari/537.36', 'Windows 10/11', '操作成功', 't', '2026-02-04 09:51:24.772438+00', 1, NULL, NULL, 'f', NULL),(71, 'admin', 'web', 'chrome', '192.168.2.22', '内网地址', 'Mozilla/5.0 (Windows NT 10.0; Win64; x64) AppleWebKit/537.36 (KHTML, like Gecko) Chrome/144.0.0.0 Safari/537.36', 'Windows 10/11', '操作成功', 't', '2026-02-05 01:47:45.516036+00', 1, NULL, NULL, 'f', NULL),(72, 'admin', 'web', 'chrome', '192.168.2.22', '内网地址', 'Mozilla/5.0 (Windows NT 10.0; Win64; x64) AppleWebKit/537.36 (KHTML, like Gecko) Chrome/144.0.0.0 Safari/537.36', 'Windows 10/11', '操作成功', 't', '2026-02-05 02:03:44.39014+00', 1, NULL, NULL, 'f', NULL),(73, 'admin', 'web', 'chrome', '192.168.2.22', '内网地址', 'Mozilla/5.0 (Windows NT 10.0; Win64; x64) AppleWebKit/537.36 (KHTML, like Gecko) Chrome/144.0.0.0 Safari/537.36', 'Windows 10/11', '操作成功', 't', '2026-02-05 02:20:25.074688+00', 1, NULL, NULL, 'f', NULL),(74, 'admin', 'web', 'chrome', '192.168.2.22', '内网地址', 'Mozilla/5.0 (Windows NT 10.0; Win64; x64) AppleWebKit/537.36 (KHTML, like Gecko) Chrome/144.0.0.0 Safari/537.36', 'Windows 10/11', '操作成功', 't', '2026-02-05 03:11:27.969903+00', 1, NULL, NULL, 'f', NULL),(75, 'admin', 'web', 'chrome', '192.168.2.22', '内网地址', 'Mozilla/5.0 (Windows NT 10.0; Win64; x64) AppleWebKit/537.36 (KHTML, like Gecko) Chrome/144.0.0.0 Safari/537.36', 'Windows 10/11', '操作成功', 't', '2026-02-05 03:26:49.813505+00', 1, NULL, NULL, 'f', NULL),(76, 'admin', 'web', 'chrome', '192.168.2.22', '内网地址', 'Mozilla/5.0 (Windows NT 10.0; Win64; x64) AppleWebKit/537.36 (KHTML, like Gecko) Chrome/144.0.0.0 Safari/537.36', 'Windows 10/11', '操作成功', 't', '2026-02-05 03:45:15.051468+00', 1, NULL, NULL, 'f', NULL),(77, 'admin', 'web', 'chrome', '192.168.2.22', '内网地址', 'Mozilla/5.0 (Windows NT 10.0; Win64; x64) AppleWebKit/537.36 (KHTML, like Gecko) Chrome/144.0.0.0 Safari/537.36', 'Windows 10/11', '操作成功', 't', '2026-02-05 05:27:31.489125+00', 1, NULL, NULL, 'f', NULL),(78, 'admin', 'web', 'chrome', '192.168.2.22', '内网地址', 'Mozilla/5.0 (Windows NT 10.0; Win64; x64) AppleWebKit/537.36 (KHTML, like Gecko) Chrome/144.0.0.0 Safari/537.36', 'Windows 10/11', '操作成功', 't', '2026-02-05 05:42:40.801008+00', 1, NULL, NULL, 'f', NULL),(79, 'admin', 'web', 'chrome', '192.168.2.22', '内网地址', 'Mozilla/5.0 (Windows NT 10.0; Win64; x64) AppleWebKit/537.36 (KHTML, like Gecko) Chrome/144.0.0.0 Safari/537.36', 'Windows 10/11', '操作成功', 't', '2026-02-05 07:40:41.34592+00', 1, NULL, NULL, 'f', NULL),(80, 'admin', 'web', 'chrome', '192.168.2.22', '内网地址', 'Mozilla/5.0 (Windows NT 10.0; Win64; x64) AppleWebKit/537.36 (KHTML, like Gecko) Chrome/144.0.0.0 Safari/537.36', 'Windows 10/11', '操作成功', 't', '2026-02-05 07:59:25.728214+00', 1, NULL, NULL, 'f', NULL),(81, 'admin', 'web', 'chrome', '192.168.2.22', '内网地址', 'Mozilla/5.0 (Windows NT 10.0; Win64; x64) AppleWebKit/537.36 (KHTML, like Gecko) Chrome/144.0.0.0 Safari/537.36', 'Windows 10/11', '操作成功', 't', '2026-02-05 08:18:43.439969+00', 1, NULL, NULL, 'f', NULL),(82, 'admin', 'web', 'chrome', '192.168.2.22', '内网地址', 'Mozilla/5.0 (Windows NT 10.0; Win64; x64) AppleWebKit/537.36 (KHTML, like Gecko) Chrome/144.0.0.0 Safari/537.36', 'Windows 10/11', '操作成功', 't', '2026-02-05 08:51:46.593338+00', 1, NULL, NULL, 'f', NULL),(83, 'admin', 'web', 'chrome', '192.168.2.22', '内网地址', 'Mozilla/5.0 (Windows NT 10.0; Win64; x64) AppleWebKit/537.36 (KHTML, like Gecko) Chrome/144.0.0.0 Safari/537.36', 'Windows 10/11', '操作成功', 't', '2026-02-05 09:09:11.101575+00', 1, NULL, NULL, 'f', NULL),(84, 'admin', 'web', 'chrome', '192.168.2.22', '内网地址', 'Mozilla/5.0 (Windows NT 10.0; Win64; x64) AppleWebKit/537.36 (KHTML, like Gecko) Chrome/144.0.0.0 Safari/537.36', 'Windows 10/11', '操作成功', 't', '2026-02-05 09:25:08.305213+00', 1, NULL, NULL, 'f', NULL),(85, 'admin', 'web', 'chrome', '192.168.2.22', '内网地址', 'Mozilla/5.0 (Windows NT 10.0; Win64; x64) AppleWebKit/537.36 (KHTML, like Gecko) Chrome/144.0.0.0 Safari/537.36', 'Windows 10/11', '操作成功', 't', '2026-02-06 02:32:46.373246+00', 1, NULL, NULL, 'f', NULL),(86, 'admin', 'web', 'chrome', '192.168.2.22', '内网地址', 'Mozilla/5.0 (Windows NT 10.0; Win64; x64) AppleWebKit/537.36 (KHTML, like Gecko) Chrome/144.0.0.0 Safari/537.36', 'Windows 10/11', '操作成功', 't', '2026-02-06 02:52:34.211802+00', 1, NULL, NULL, 'f', NULL),(87, 'admin', 'web', 'chrome', '192.168.2.22', '内网地址', 'Mozilla/5.0 (Windows NT 10.0; Win64; x64) AppleWebKit/537.36 (KHTML, like Gecko) Chrome/144.0.0.0 Safari/537.36', 'Windows 10/11', '操作成功', 't', '2026-02-06 03:08:27.310101+00', 1, NULL, NULL, 'f', NULL),(88, 'admin', 'web', 'chrome', '192.168.2.22', '内网地址', 'Mozilla/5.0 (Windows NT 10.0; Win64; x64) AppleWebKit/537.36 (KHTML, like Gecko) Chrome/144.0.0.0 Safari/537.36', 'Windows 10/11', '操作成功', 't', '2026-02-06 03:29:42.303629+00', 1, NULL, NULL, 'f', NULL),(89, 'admin', 'web', 'chrome', '192.168.2.22', '内网地址', 'Mozilla/5.0 (Windows NT 10.0; Win64; x64) AppleWebKit/537.36 (KHTML, like Gecko) Chrome/144.0.0.0 Safari/537.36', 'Windows 10/11', '操作成功', 't', '2026-02-06 03:30:11.203182+00', 1, NULL, NULL, 'f', NULL),(90, 'admin', 'web', 'chrome', '192.168.2.22', '内网地址', 'Mozilla/5.0 (Windows NT 10.0; Win64; x64) AppleWebKit/537.36 (KHTML, like Gecko) Chrome/144.0.0.0 Safari/537.36', 'Windows 10/11', '操作成功', 't', '2026-02-06 03:34:07.105802+00', 1, NULL, NULL, 'f', NULL),(91, 'admin', 'web', 'chrome', '192.168.2.22', '内网地址', 'Mozilla/5.0 (Windows NT 10.0; Win64; x64) AppleWebKit/537.36 (KHTML, like Gecko) Chrome/144.0.0.0 Safari/537.36', 'Windows 10/11', '操作成功', 't', '2026-02-06 03:34:30.551318+00', 1, NULL, NULL, 'f', NULL),(92, 'admin', 'web', 'chrome', '192.168.2.22', '内网地址', 'Mozilla/5.0 (Windows NT 10.0; Win64; x64) AppleWebKit/537.36 (KHTML, like Gecko) Chrome/144.0.0.0 Safari/537.36', 'Windows 10/11', '操作成功', 't', '2026-02-06 04:24:15.112307+00', 1, NULL, NULL, 'f', NULL),(93, 'admin', 'web', 'chrome', '192.168.2.22', '内网地址', 'Mozilla/5.0 (Windows NT 10.0; Win64; x64) AppleWebKit/537.36 (KHTML, like Gecko) Chrome/144.0.0.0 Safari/537.36', 'Windows 10/11', '操作成功', 't', '2026-02-06 05:16:47.201844+00', 1, NULL, NULL, 'f', NULL),(94, 'admin', 'web', 'chrome', '192.168.2.22', '内网地址', 'Mozilla/5.0 (Windows NT 10.0; Win64; x64) AppleWebKit/537.36 (KHTML, like Gecko) Chrome/144.0.0.0 Safari/537.36', 'Windows 10/11', '操作成功', 't', '2026-02-06 08:23:58.362933+00', 1, NULL, NULL, 'f', NULL),(95, 'admin', 'web', 'chrome', '192.168.2.22', '内网地址', 'Mozilla/5.0 (Windows NT 10.0; Win64; x64) AppleWebKit/537.36 (KHTML, like Gecko) Chrome/144.0.0.0 Safari/537.36', 'Windows 10/11', '操作成功', 't', '2026-02-06 08:39:30.705169+00', 1, NULL, NULL, 'f', NULL),(96, 'admin', 'web', 'chrome', '192.168.2.22', '内网地址', 'Mozilla/5.0 (Windows NT 10.0; Win64; x64) AppleWebKit/537.36 (KHTML, like Gecko) Chrome/144.0.0.0 Safari/537.36', 'Windows 10/11', '操作成功', 't', '2026-02-06 08:55:02.699976+00', 1, NULL, NULL, 'f', NULL),(97, 'admin', 'web', 'chrome', '192.168.2.22', '内网地址', 'Mozilla/5.0 (Windows NT 10.0; Win64; x64) AppleWebKit/537.36 (KHTML, like Gecko) Chrome/144.0.0.0 Safari/537.36', 'Windows 10/11', '操作成功', 't', '2026-02-06 09:10:10.21106+00', 1, NULL, NULL, 'f', NULL),(98, 'admin', 'web', 'chrome', '192.168.2.22', '内网地址', 'Mozilla/5.0 (Windows NT 10.0; Win64; x64) AppleWebKit/537.36 (KHTML, like Gecko) Chrome/144.0.0.0 Safari/537.36', 'Windows 10/11', '操作成功', 't', '2026-02-06 09:15:29.606481+00', 1, NULL, NULL, 'f', NULL),(99, 'admin', 'web', 'chrome', '192.168.2.22', '内网地址', 'Mozilla/5.0 (Windows NT 10.0; Win64; x64) AppleWebKit/537.36 (KHTML, like Gecko) Chrome/144.0.0.0 Safari/537.36', 'Windows 10/11', '操作成功', 't', '2026-02-06 09:36:14.046134+00', 1, NULL, NULL, 'f', NULL),(100, 'admin', 'web', 'chrome', '192.168.2.22', '内网地址', 'Mozilla/5.0 (Windows NT 10.0; Win64; x64) AppleWebKit/537.36 (KHTML, like Gecko) Chrome/144.0.0.0 Safari/537.36', 'Windows 10/11', '操作成功', 't', '2026-02-07 06:02:12.725003+00', 1, NULL, NULL, 'f', NULL),(101, 'admin', 'web', 'chrome', '192.168.2.22', '内网地址', 'Mozilla/5.0 (Windows NT 10.0; Win64; x64) AppleWebKit/537.36 (KHTML, like Gecko) Chrome/144.0.0.0 Safari/537.36', 'Windows 10/11', '操作成功', 't', '2026-02-07 06:42:53.305802+00', 1, NULL, NULL, 'f', NULL),(102, 'admin', 'web', 'chrome', '192.168.2.22', '内网地址', 'Mozilla/5.0 (Windows NT 10.0; Win64; x64) AppleWebKit/537.36 (KHTML, like Gecko) Chrome/144.0.0.0 Safari/537.36', 'Windows 10/11', '操作成功', 't', '2026-02-07 07:09:05.383072+00', 1, NULL, NULL, 'f', NULL),(103, 'admin', 'web', 'chrome', '192.168.2.22', '内网地址', 'Mozilla/5.0 (Windows NT 10.0; Win64; x64) AppleWebKit/537.36 (KHTML, like Gecko) Chrome/144.0.0.0 Safari/537.36', 'Windows 10/11', '操作成功', 't', '2026-02-07 07:26:01.758217+00', 1, NULL, NULL, 'f', NULL),(104, 'admin', 'web', 'chrome', '192.168.2.22', '内网地址', 'Mozilla/5.0 (Windows NT 10.0; Win64; x64) AppleWebKit/537.36 (KHTML, like Gecko) Chrome/144.0.0.0 Safari/537.36', 'Windows 10/11', '操作成功', 't', '2026-02-07 07:42:57.957383+00', 1, NULL, NULL, 'f', NULL),(105, 'admin', 'web', 'chrome', '192.168.2.22', '内网地址', 'Mozilla/5.0 (Windows NT 10.0; Win64; x64) AppleWebKit/537.36 (KHTML, like Gecko) Chrome/144.0.0.0 Safari/537.36', 'Windows 10/11', '操作成功', 't', '2026-02-07 07:48:38.495239+00', 1, NULL, NULL, 'f', NULL),(106, 'admin', 'web', 'chrome', '192.168.2.22', '内网地址', 'Mozilla/5.0 (Windows NT 10.0; Win64; x64) AppleWebKit/537.36 (KHTML, like Gecko) Chrome/144.0.0.0 Safari/537.36', 'Windows 10/11', '操作成功', 't', '2026-02-07 07:49:10.808729+00', 1, NULL, NULL, 'f', NULL),(107, 'admin', 'web', 'chrome', '192.168.2.22', '内网地址', 'Mozilla/5.0 (Windows NT 10.0; Win64; x64) AppleWebKit/537.36 (KHTML, like Gecko) Chrome/144.0.0.0 Safari/537.36', 'Windows 10/11', '操作成功', 't', '2026-02-07 09:08:24.653929+00', 1, NULL, NULL, 'f', NULL),(108, 'admin', 'web', 'chrome', '192.168.2.22', '内网地址', 'Mozilla/5.0 (Windows NT 10.0; Win64; x64) AppleWebKit/537.36 (KHTML, like Gecko) Chrome/144.0.0.0 Safari/537.36', 'Windows 10/11', '操作成功', 't', '2026-02-07 09:26:42.38817+00', 1, NULL, NULL, 'f', NULL),(109, 'admin', 'web', 'chrome', '::1', '内网地址', 'Mozilla/5.0 (Windows NT 10.0; Win64; x64) AppleWebKit/537.36 (KHTML, like Gecko) Chrome/144.0.0.0 Safari/537.36', 'Windows 10/11', '操作成功', 't', '2026-02-09 06:35:17.663297+00', 1, NULL, NULL, 'f', NULL),(110, 'admin', 'web', 'chrome', '::1', '内网地址', 'Mozilla/5.0 (Windows NT 10.0; Win64; x64) AppleWebKit/537.36 (KHTML, like Gecko) Chrome/144.0.0.0 Safari/537.36', 'Windows 10/11', '操作成功', 't', '2026-02-09 06:53:25.847269+00', 1, NULL, NULL, 'f', NULL),(111, 'admin', 'web', 'chrome', '::1', '内网地址', 'Mozilla/5.0 (Windows NT 10.0; Win64; x64) AppleWebKit/537.36 (KHTML, like Gecko) Chrome/144.0.0.0 Safari/537.36', 'Windows 10/11', '操作成功', 't', '2026-02-09 06:56:49.180809+00', 1, NULL, NULL, 'f', NULL),(112, 'admin', 'web', 'chrome', '::1', '内网地址', 'Mozilla/5.0 (Windows NT 10.0; Win64; x64) AppleWebKit/537.36 (KHTML, like Gecko) Chrome/144.0.0.0 Safari/537.36', 'Windows 10/11', '操作成功', 't', '2026-02-09 06:56:56.843139+00', 1, NULL, NULL, 'f', NULL),(113, 'admin', 'web', 'chrome', '::1', '内网地址', 'Mozilla/5.0 (Windows NT 10.0; Win64; x64) AppleWebKit/537.36 (KHTML, like Gecko) Chrome/144.0.0.0 Safari/537.36', 'Windows 10/11', '操作成功', 't', '2026-02-09 07:01:42.485854+00', 1, NULL, NULL, 'f', NULL),(114, 'admin', 'web', 'chrome', '::1', '内网地址', 'Mozilla/5.0 (Windows NT 10.0; Win64; x64) AppleWebKit/537.36 (KHTML, like Gecko) Chrome/144.0.0.0 Safari/537.36', 'Windows 10/11', '操作成功', 't', '2026-02-09 07:36:09.374356+00', 1, NULL, NULL, 'f', NULL),(115, 'admin', 'web', 'chrome', '::1', '内网地址', 'Mozilla/5.0 (Windows NT 10.0; Win64; x64) AppleWebKit/537.36 (KHTML, like Gecko) Chrome/144.0.0.0 Safari/537.36', 'Windows 10/11', '操作成功', 't', '2026-02-10 05:57:20.798527+00', 1, NULL, NULL, 'f', NULL),(116, 'admin', 'web', 'chrome', '::1', '内网地址', 'Mozilla/5.0 (Windows NT 10.0; Win64; x64) AppleWebKit/537.36 (KHTML, like Gecko) Chrome/144.0.0.0 Safari/537.36', 'Windows 10/11', '操作成功', 't', '2026-02-11 02:27:03.860637+00', 1, NULL, NULL, 'f', NULL),(117, 'admin', 'web', 'chrome', '::1', '内网地址', 'Mozilla/5.0 (Windows NT 10.0; Win64; x64) AppleWebKit/537.36 (KHTML, like Gecko) Chrome/144.0.0.0 Safari/537.36', 'Windows 10/11', '操作成功', 't', '2026-02-11 02:43:39.21864+00', 1, NULL, NULL, 'f', NULL),(118, 'admin', 'web', 'chrome', '::1', '内网地址', 'Mozilla/5.0 (Windows NT 10.0; Win64; x64) AppleWebKit/537.36 (KHTML, like Gecko) Chrome/144.0.0.0 Safari/537.36', 'Windows 10/11', '操作成功', 't', '2026-02-11 05:26:04.973748+00', 1, NULL, NULL, 'f', NULL),(119, 'admin', 'web', 'chrome', '::1', '内网地址', 'Mozilla/5.0 (Windows NT 10.0; Win64; x64) AppleWebKit/537.36 (KHTML, like Gecko) Chrome/144.0.0.0 Safari/537.36', 'Windows 10/11', '操作成功', 't', '2026-02-11 05:29:54.110131+00', 1, NULL, NULL, 'f', NULL),(120, 'admin', 'web', 'chrome', '::1', '内网地址', 'Mozilla/5.0 (Windows NT 10.0; Win64; x64) AppleWebKit/537.36 (KHTML, like Gecko) Chrome/144.0.0.0 Safari/537.36', 'Windows 10/11', '操作成功', 't', '2026-02-11 05:30:49.1972+00', 1, NULL, NULL, 'f', NULL),(121, 'admin', 'web', 'chrome', '::1', '内网地址', 'Mozilla/5.0 (Windows NT 10.0; Win64; x64) AppleWebKit/537.36 (KHTML, like Gecko) Chrome/144.0.0.0 Safari/537.36', 'Windows 10/11', '操作成功', 't', '2026-02-11 05:46:55.867205+00', 1, NULL, NULL, 'f', NULL),(122, 'admin', 'web', 'chrome', '::1', '内网地址', 'Mozilla/5.0 (Windows NT 10.0; Win64; x64) AppleWebKit/537.36 (KHTML, like Gecko) Chrome/144.0.0.0 Safari/537.36', 'Windows 10/11', '操作成功', 't', '2026-02-11 05:49:14.051399+00', 1, NULL, NULL, 'f', NULL),(123, 'admin', 'web', 'chrome', '::1', '内网地址', 'Mozilla/5.0 (Windows NT 10.0; Win64; x64) AppleWebKit/537.36 (KHTML, like Gecko) Chrome/144.0.0.0 Safari/537.36', 'Windows 10/11', '操作成功', 't', '2026-02-11 06:08:41.837214+00', 1, NULL, NULL, 'f', NULL),(124, 'admin', 'web', 'chrome', '::1', '内网地址', 'Mozilla/5.0 (Windows NT 10.0; Win64; x64) AppleWebKit/537.36 (KHTML, like Gecko) Chrome/144.0.0.0 Safari/537.36', 'Windows 10/11', '操作成功', 't', '2026-02-11 06:25:13.294437+00', 1, NULL, NULL, 'f', NULL),(125, 'admin', 'web', 'chrome', '::1', '内网地址', 'Mozilla/5.0 (Windows NT 10.0; Win64; x64) AppleWebKit/537.36 (KHTML, like Gecko) Chrome/144.0.0.0 Safari/537.36', 'Windows 10/11', '操作成功', 't', '2026-02-11 06:47:02.569566+00', 1, NULL, NULL, 'f', NULL),(126, 'admin', 'web', 'chrome', '::1', '内网地址', 'Mozilla/5.0 (Windows NT 10.0; Win64; x64) AppleWebKit/537.36 (KHTML, like Gecko) Chrome/144.0.0.0 Safari/537.36', 'Windows 10/11', '操作成功', 't', '2026-02-11 06:59:45.023756+00', 1, NULL, NULL, 'f', NULL),(127, 'admin', 'web', 'chrome', '::1', '内网地址', 'Mozilla/5.0 (Windows NT 10.0; Win64; x64) AppleWebKit/537.36 (KHTML, like Gecko) Chrome/144.0.0.0 Safari/537.36', 'Windows 10/11', '操作成功', 't', '2026-02-11 07:00:46.783397+00', 1, NULL, NULL, 'f', NULL),(128, 'admin', 'web', 'chrome', '::1', '内网地址', 'Mozilla/5.0 (Windows NT 10.0; Win64; x64) AppleWebKit/537.36 (KHTML, like Gecko) Chrome/144.0.0.0 Safari/537.36', 'Windows 10/11', '操作成功', 't', '2026-02-11 07:04:34.455754+00', 1, NULL, NULL, 'f', NULL),(129, 'admin', 'web', 'chrome', '::1', '内网地址', 'Mozilla/5.0 (Windows NT 10.0; Win64; x64) AppleWebKit/537.36 (KHTML, like Gecko) Chrome/144.0.0.0 Safari/537.36', 'Windows 10/11', '操作成功', 't', '2026-02-11 07:05:01.914276+00', 1, NULL, NULL, 'f', NULL),(130, 'admin', 'web', 'chrome', '::1', '内网地址', 'Mozilla/5.0 (Windows NT 10.0; Win64; x64) AppleWebKit/537.36 (KHTML, like Gecko) Chrome/144.0.0.0 Safari/537.36', 'Windows 10/11', '操作成功', 't', '2026-02-11 07:21:43.933908+00', 1, NULL, NULL, 'f', NULL),(131, 'admin', 'web', 'chrome', '::1', '内网地址', 'Mozilla/5.0 (Windows NT 10.0; Win64; x64) AppleWebKit/537.36 (KHTML, like Gecko) Chrome/144.0.0.0 Safari/537.36', 'Windows 10/11', '操作成功', 't', '2026-02-11 07:48:20.528562+00', 1, NULL, NULL, 'f', NULL),(132, 'admin', 'web', 'chrome', '::1', '内网地址', 'Mozilla/5.0 (Windows NT 10.0; Win64; x64) AppleWebKit/537.36 (KHTML, like Gecko) Chrome/144.0.0.0 Safari/537.36', 'Windows 10/11', '操作成功', 't', '2026-02-11 08:39:04.272639+00', 1, NULL, NULL, 'f', NULL),(133, 'admin', 'web', 'chrome', '::1', '内网地址', 'Mozilla/5.0 (Windows NT 10.0; Win64; x64) AppleWebKit/537.36 (KHTML, like Gecko) Chrome/144.0.0.0 Safari/537.36', 'Windows 10/11', '操作成功', 't', '2026-02-11 08:54:03.230924+00', 1, NULL, NULL, 'f', NULL),(134, 'admin', 'web', 'chrome', '::1', '内网地址', 'Mozilla/5.0 (Windows NT 10.0; Win64; x64) AppleWebKit/537.36 (KHTML, like Gecko) Chrome/144.0.0.0 Safari/537.36', 'Windows 10/11', '操作成功', 't', '2026-02-11 09:17:41.865045+00', 1, NULL, NULL, 'f', NULL)
;
COMMIT;
BEGIN;
LOCK TABLE "public"."system_menu" IN SHARE MODE;
DELETE FROM "public"."system_menu";
INSERT INTO "public"."system_menu" ("menu_id","path","name","component","title","icon","show_badge","show_text_badge","is_hide","is_hide_tab","link","is_iframe","keep_alive","fixed_tab","create_time","create_by","update_time","update_by","del_flag","remark","active_path","sort","parent_id","status","is_full_page") VALUES (1, '/dashboard', 'Dashboard', '/index/index', 'menus.dashboard.title', 'ri:pie-chart-line', 'f', NULL, 'f', 'f', NULL, 'f', 't', 'f', '2026-01-07 06:44:03.266366+00', NULL, NULL, NULL, 'f', NULL, NULL, 0, NULL, 't', 'f'),(2, 'console', 'Console', '/dashboard/console', 'menus.dashboard.console', 'ri:home-smile-2-line', 'f', NULL, 'f', 'f', NULL, 'f', 'f', 't', '2026-01-07 06:53:09.690864+00', NULL, NULL, NULL, 'f', NULL, NULL, 0, 1, 't', 'f'),(6, 'user-center', 'UserCenter', '/system/user-center', 'menus.system.userCenter', 'ri:user-line', 'f', NULL, 't', 't', NULL, 'f', 't', 'f', '2026-01-07 07:20:40.477837+00', NULL, NULL, NULL, 'f', NULL, NULL, 0, 3, 't', 'f'),(7, 'menu', 'Menus', '/system/menu', 'menus.system.menu', 'ri:menu-line', 'f', '', 'f', 'f', '', 'f', 't', 'f', '2026-01-07 07:21:53.540874+00', NULL, '2026-02-07 07:54:25.944+00', NULL, 'f', NULL, '', 2, 3, 't', 'f'),(8, 'dept', 'Dept', '/system/dept', 'menus.system.dept', 'material-symbols:groups-2-outline', 'f', '', 'f', 'f', '', 'f', 't', 'f', '2026-01-07 07:22:10.052595+00', NULL, '2026-02-07 07:54:30.697+00', NULL, 'f', NULL, '', 3, 3, 't', 'f'),(20, 'loginLog', 'LoginLog', '/system/log/loginlog', 'menus.system.loginLog', 'ri:login-circle-line', 'f', '', 'f', 'f', '', 'f', 't', 'f', '2026-01-31 08:40:46.820945+00', NULL, NULL, NULL, 'f', NULL, '', 0, 19, 't', 'f'),(21, 'operLog', 'OperLog', '/system/log/operlog', 'menus.system.operLog', 'ri:settings-3-line', 'f', '', 'f', 'f', '', 'f', 't', 'f', '2026-01-31 08:41:30.611732+00', NULL, NULL, NULL, 'f', NULL, '', 0, 19, 't', 'f'),(9, 'dict', 'Dict', '/system/dict', 'menus.system.dict', 'material-symbols:book-2-outline', 'f', '', 'f', 'f', '', 'f', 't', 'f', '2026-01-07 07:22:25.225276+00', NULL, '2026-02-07 07:54:36.764+00', NULL, 'f', NULL, '', 4, 3, 't', 'f'),(10, 'api', 'Api', '/system/api', 'menus.system.api', 'tabler:api', 'f', '', 'f', 'f', '', 'f', 't', 'f', '2026-01-07 07:22:39.036648+00', NULL, '2026-02-07 07:54:44.057+00', NULL, 'f', NULL, '', 5, 3, 't', 'f'),(18, 'blacklist', 'Blacklist', '/system/blacklist', 'menus.system.blacklist', 'material-symbols:block-outline', 'f', '', 'f', 'f', '', 'f', 't', 'f', '2026-01-24 05:35:39.52242+00', NULL, '2026-02-07 07:54:50.803+00', NULL, 'f', NULL, '', 6, 3, 't', 'f'),(3, '/system', 'System', '/index/index', 'menus.system.title', 'ri:user-3-line', 'f', '', 'f', 'f', '', 'f', 't', 'f', '2026-01-07 06:57:44.645285+00', NULL, '2026-02-11 07:00:27.571+00', NULL, 'f', NULL, '', 1, 0, 't', 'f'),(22, '/monitor', 'Monitor', '/index/index', 'menus.monitor.title', 'material-symbols:screenshot-monitor-outline', 'f', '', 'f', 'f', '', 'f', 't', 'f', '2026-02-07 06:54:25.075336+00', NULL, '2026-02-11 07:00:34.323+00', NULL, 'f', NULL, '', 2, 0, 't', 'f'),(26, '/outside/iframe/openapi', 'OpenApi', '', 'menus.outside.openapi', 'akar-icons:graphql-fill', 'f', '', 'f', 'f', 'http://localhost:3000/api/openapi', 't', 't', 'f', '2026-02-11 06:55:41.405065+00', NULL, '2026-02-11 07:00:38.66+00', NULL, 'f', NULL, '', 3, 0, 't', 'f'),(19, 'log', 'Log', '', 'menus.system.log', 'ri:file-list-3-line', 'f', '', 'f', 'f', '', 'f', 't', 'f', '2026-01-31 08:39:40.82449+00', NULL, '2026-02-11 08:46:25.261+00', NULL, 'f', NULL, '', 8, 3, 't', 'f'),(27, 'storage', 'Storage', '/system/storage', 'menus.system.storage', 'material-symbols:folder-data-outline', 'f', '', 'f', 'f', '', 'f', 't', 'f', '2026-02-11 08:47:49.316326+00', NULL, '2026-02-11 08:52:33.669+00', NULL, 'f', NULL, '', 7, 3, 't', 'f'),(4, 'user', 'User', '/system/user', 'menus.system.user', 'ri:user-line', 'f', '', 'f', 'f', '', 'f', 't', 'f', '2026-01-07 07:03:52.388903+00', NULL, '2026-02-07 07:19:41.863+00', NULL, 'f', NULL, '', 0, 3, 't', 'f'),(23, 'online', 'Online', '/monitor/online', 'menus.monitor.online', 'majesticons:status-online', 'f', '', 'f', 'f', '', 'f', 't', 'f', '2026-02-07 07:27:32.894399+00', NULL, '2026-02-07 07:29:04.073+00', NULL, 'f', NULL, '', 1, 22, 't', 'f'),(24, 'job', 'Job', '/monitor/job', 'menus.monitor.job', 'material-symbols:emoji-food-beverage-outline', 'f', '', 'f', 'f', '', 'f', 't', 'f', '2026-02-07 07:43:57.396393+00', NULL, NULL, NULL, 'f', NULL, '', 2, 22, 't', 'f'),(5, 'role', 'Role', '/system/role', 'menus.system.role', 'ri:user-settings-line', 'f', '', 'f', 'f', '', 'f', 't', 'f', '2026-01-07 07:05:15.131251+00', NULL, '2026-02-07 07:54:13.275+00', NULL, 'f', NULL, '', 1, 3, 't', 'f')
;
COMMIT;
BEGIN;
LOCK TABLE "public"."system_menu_btn" IN SHARE MODE;
DELETE FROM "public"."system_menu_btn";
INSERT INTO "public"."system_menu_btn" ("menu_id","sort","title","permission","create_time","create_by","update_time","update_by","del_flag","remark","btn_id","status") VALUES (7, 0, '编辑', 'system:menu:update', '2026-01-10 06:00:05.075948+00', NULL, NULL, NULL, 'f', NULL, 2, 't'),(7, 0, '删除', 'system:menu:delete', '2026-01-10 06:00:44.132664+00', NULL, NULL, NULL, 'f', NULL, 3, 't'),(7, 0, '查询', 'system:menu:query', '2026-01-10 06:02:04.390263+00', NULL, NULL, NULL, 'f', NULL, 5, 't'),(7, 1, '新增', 'system:menu:create', '2026-01-10 05:59:43.793701+00', NULL, '2026-01-10 08:23:43.01+00', NULL, 'f', NULL, 1, 't'),(8, 0, '新增', 'system:dept:create', '2026-01-10 08:37:59.572615+00', NULL, NULL, NULL, 'f', NULL, 9, 't'),(8, 0, '删除', 'system:dept:delete', '2026-01-10 08:38:57.597483+00', NULL, NULL, NULL, 'f', NULL, 10, 't'),(8, 0, '更新', 'system:dept:update', '2026-01-10 08:39:12.67185+00', NULL, NULL, NULL, 'f', NULL, 11, 't'),(8, 0, '查询', 'system:dept:query', '2026-01-10 08:39:27.121017+00', NULL, NULL, NULL, 'f', NULL, 12, 't'),(10, 0, '查询', 'system:api:query', '2026-01-10 08:40:18.466495+00', NULL, NULL, NULL, 'f', NULL, 14, 't'),(10, 0, '更新', 'system:api:update', '2026-01-10 08:40:34.207498+00', NULL, NULL, NULL, 'f', NULL, 15, 't'),(10, 0, '删除', 'system:api:delete', '2026-01-10 08:40:45.232152+00', NULL, NULL, NULL, 'f', NULL, 16, 't'),(9, 0, '新增类型', 'system:dict:type:create', '2026-01-10 08:41:15.252098+00', NULL, NULL, NULL, 'f', NULL, 17, 't'),(9, 0, '新增数据', 'system:dict:data:create', '2026-01-10 08:41:36.205116+00', NULL, NULL, NULL, 'f', NULL, 18, 't'),(9, 0, '查询类型', 'system:dict:type:query', '2026-01-10 08:41:53.691176+00', NULL, '2026-01-10 08:42:42.47+00', NULL, 'f', NULL, 19, 't'),(9, 0, '查询数据', 'system:dict:data:query', '2026-01-10 08:41:53.691176+00', NULL, '2026-01-10 08:42:42.47+00', NULL, 'f', NULL, 20, 't'),(9, 0, '更新类型', 'system:dict:type:update', '2026-01-10 08:45:27.870497+00', NULL, NULL, NULL, 'f', NULL, 21, 't'),(9, 0, '更新数据', 'system:dict:data:update', '2026-01-10 08:45:45.848287+00', NULL, NULL, NULL, 'f', NULL, 22, 't'),(9, 0, '删除类型', 'system:dict:type:delete', '2026-01-10 08:46:09.840199+00', NULL, NULL, NULL, 'f', NULL, 23, 't'),(9, 0, '删除数据', 'system:dict:data:delete', '2026-01-10 08:46:22.050204+00', NULL, NULL, NULL, 'f', NULL, 24, 't'),(10, 0, '新增', 'system:api:create', '2026-01-10 08:40:02.457593+00', NULL, '2026-01-10 08:47:05.708+00', NULL, 'f', NULL, 13, 't'),(4, 0, '新增', 'system:user:create', '2026-01-31 08:25:15.877116+00', NULL, NULL, NULL, 'f', NULL, 25, 't'),(4, 0, '查询', 'system:user:query', '2026-01-31 08:25:34.533779+00', NULL, NULL, NULL, 'f', NULL, 26, 't'),(4, 0, '编辑', 'system:user:update', '2026-01-31 08:25:46.97912+00', NULL, NULL, NULL, 'f', NULL, 27, 't'),(4, 0, '删除', 'system:user:delete', '2026-01-31 08:25:59.978634+00', NULL, NULL, NULL, 'f', NULL, 28, 't'),(5, 0, '新增', 'system:role:create', '2026-01-31 08:26:58.242896+00', NULL, NULL, NULL, 'f', NULL, 29, 't'),(5, 0, '查询', 'system:role:query', '2026-01-31 08:27:15.553667+00', NULL, NULL, NULL, 'f', NULL, 30, 't'),(5, 0, '编辑', 'system:role:update', '2026-01-31 08:27:28.725263+00', NULL, NULL, NULL, 'f', NULL, 31, 't'),(5, 0, '删除', 'system:role:delete', '2026-01-31 08:27:47.884927+00', NULL, NULL, NULL, 'f', NULL, 32, 't'),(18, 0, '新增', 'system:ip-black:create', '2026-01-31 08:31:53.257359+00', NULL, NULL, NULL, 'f', NULL, 33, 't'),(18, 0, '查询', 'system:ip-black:query', '2026-01-31 08:32:10.402536+00', NULL, NULL, NULL, 'f', NULL, 34, 't'),(18, 0, '编辑', 'system:ip-black:update', '2026-01-31 08:32:24.058834+00', NULL, NULL, NULL, 'f', NULL, 35, 't'),(18, 0, '删除', 'system:ip-black:delete', '2026-01-31 08:32:37.241391+00', NULL, NULL, NULL, 'f', NULL, 36, 't'),(20, 0, '查询', 'system:login-log:query', '2026-01-31 08:42:39.4695+00', NULL, NULL, NULL, 'f', NULL, 37, 't'),(20, 0, '删除', 'system:login-log:delete', '2026-01-31 08:42:56.434237+00', NULL, NULL, NULL, 'f', NULL, 38, 't'),(21, 0, '查询', 'system:oper-log:query', '2026-01-31 08:43:23.224565+00', NULL, NULL, NULL, 'f', NULL, 39, 't'),(21, 0, '删除', 'system:oper-log:delete', '2026-01-31 08:43:40.619376+00', NULL, NULL, NULL, 'f', NULL, 40, 't'),(23, 0, '查询', 'monitor:online:query', '2026-02-09 06:59:11.207295+00', NULL, NULL, NULL, 'f', NULL, 41, 't'),(23, 0, '强退', 'monitor:online:forceLogout', '2026-02-09 06:59:35.503879+00', NULL, NULL, NULL, 'f', NULL, 42, 't'),(24, 0, '新增', 'monitor:job:create', '2026-02-11 05:48:22.486126+00', NULL, NULL, NULL, 'f', NULL, 43, 't'),(24, 0, '查询', 'monitor:job:query', '2026-02-11 05:48:34.775951+00', NULL, NULL, NULL, 'f', NULL, 44, 't'),(24, 0, '编辑', 'monitor:job:update', '2026-02-11 05:48:46.819656+00', NULL, NULL, NULL, 'f', NULL, 45, 't'),(24, 0, '删除', 'monitor:job:delete', '2026-02-11 05:48:56.613909+00', NULL, NULL, NULL, 'f', NULL, 46, 't'),(27, 0, '新增', 'system:storage:create', '2026-02-11 08:53:02.046018+00', NULL, NULL, NULL, 'f', NULL, 47, 't'),(27, 0, '查询', 'system:storage:query', '2026-02-11 08:53:17.118081+00', NULL, NULL, NULL, 'f', NULL, 48, 't'),(27, 0, '编辑', 'system:storage:update', '2026-02-11 08:53:31.450493+00', NULL, NULL, NULL, 'f', NULL, 49, 't'),(27, 0, '删除', 'system:storage:delete', '2026-02-11 08:53:45.693872+00', NULL, NULL, NULL, 'f', NULL, 50, 't')
;
COMMIT;
BEGIN;
LOCK TABLE "public"."system_oper_log" IN SHARE MODE;
DELETE FROM "public"."system_oper_log";
INSERT INTO "public"."system_oper_log" ("oper_id","title","request_method","operator_type","user_id","oper_url","oper_ip","oper_location","oper_param","json_result","cost_time","status","create_time","create_by","update_time","update_by","del_flag","remark","action") VALUES (7, '系统用户', '1', 'admin', 1, '/api/system/user/:id', '192.168.2.22', '内网地址', '{"params":{"id":"20"}}', '{"code":200,"msg":"操作成功","data":{"userId":20,"username":"admin123","nickname":"老妖","email":"423235235@qq.com","phone":"19890987675","sex":"1","avatar":null,"deptId":1,"status":true,"createTime":{},"createBy":null,"updateTime":null,"updateBy":null,"delFlag":false,"remark":null,"roles":[3,2]}}', 6, 't', '2026-02-05 03:45:19.374331+00', NULL, NULL, NULL, 'f', NULL, '查询详情'),(8, '系统用户', '1', 'admin', 1, '/api/system/user/list', '192.168.2.22', '内网地址', '{"query":{"pageNum":1,"pageSize":10}}', '{"code":200,"msg":"操作成功","data":{"list":[{"userId":20,"username":"admin123","nickname":"老妖","email":"423235235@qq.com","phone":"19890987675","sex":"1","avatar":null,"deptId":1,"status":true,"createTime":{},"createBy":null,"updateTime":null,"updateBy":null,"delFlag":false,"remark":null},{"userId":14,"username":"qiaozhi","nickname":"乔治","email":"43242@qq.com","phone":"19898767656","sex":"1","avatar":null,"deptId":8,"status":true,"createTime":{},"createBy":null,"updateTime":null,"updateBy":null,"delFlag":false,"remark":null},{"userId":13,"username":"xiaomei","nickname":"罗德风","email":"2652365944@qq.com","phone":null,"sex":"0","avatar":null,"deptId":null,"status":true,"createTime":{},"createBy":null,"updateTime":null,"updateBy":null,"delFlag":false,"remark":null},{"userId":1,"username":"admin","nickname":"梅","email":"1360658549@qq.com","phone":"19899999999","sex":"0","avatar":null,"deptId":null,"status":true,"createTime":{},"createBy":null,"updateTime":{},"updateBy":1765869150583,"delFlag":false,"remark":null}],"t', 70, 't', '2026-02-05 05:27:38.426483+00', NULL, NULL, NULL, 'f', NULL, '查询列表'),(26, '系统用户', '3', 'admin', 1, '/api/system/user/basic', '192.168.2.22', '内网地址', '{"body":{"nickname":"梅山老妖","email":"1360658549@qq.com","phone":"19899999999","sex":"0","remark":"专注于用户体验跟视觉设计"}}', '{"code":200,"msg":"操作成功","data":null}', 7, 't', '2026-02-06 03:09:55.904501+00', NULL, NULL, NULL, 'f', NULL, '更新个人基本信息'),(27, '系统用户', '3', 'admin', 1, '/api/system/user/basic', '192.168.2.22', '内网地址', '{"body":{"nickname":"梅山老妖","email":"1360658549@qq.com","phone":"19899999999","sex":"0","remark":"专注于用户体验跟视觉设计"}}', '{"code":200,"msg":"操作成功","data":null}', 7, 't', '2026-02-06 03:09:56.188613+00', NULL, NULL, NULL, 'f', NULL, '更新个人基本信息'),(28, '系统用户', '3', 'admin', 1, '/api/system/user/basic', '192.168.2.22', '内网地址', '{"body":{"nickname":"梅山老妖","email":"1360658549@qq.com","phone":"19899999999","sex":"0","remark":"专注于用户体验跟视觉设计"}}', '{"code":200,"msg":"操作成功","data":null}', 10, 't', '2026-02-06 03:09:56.479817+00', NULL, NULL, NULL, 'f', NULL, '更新个人基本信息'),(30, '系统用户', '3', 'admin', 1, '/api/system/user/password', '192.168.2.22', '内网地址', '{"body":{"oldPassword":"111111","newPassword":"123456","confirmPassword":"123456"}}', '{"code":200,"msg":"操作成功","data":null}', 143, 't', '2026-02-06 03:30:22.399309+00', NULL, NULL, NULL, 'f', NULL, '更新个人密码'),(31, '系统用户', '3', 'admin', 1, '/api/system/user/password', '192.168.2.22', '内网地址', '{"body":{"oldPassword":"123456","newPassword":"111111","confirmPassword":"111111"}}', '{"code":200,"msg":"操作成功","data":null}', 163, 't', '2026-02-06 03:34:01.600749+00', NULL, NULL, NULL, 'f', NULL, '更新个人密码'),(32, '系统用户', '3', 'admin', 1, '/api/system/user/password', '192.168.2.22', '内网地址', '{"body":{"oldPassword":"111111","newPassword":"123456","confirmPassword":"123456"}}', '{"code":200,"msg":"操作成功","data":null}', 125, 't', '2026-02-06 03:34:28.277946+00', NULL, NULL, NULL, 'f', NULL, '更新个人密码'),(33, '系统菜单', '4', 'admin', 1, '/api/system/menu/:ids', '192.168.2.22', '内网地址', '{"params":{"ids":"12"}}', '{"code":200,"msg":"操作成功","data":null}', 41, 't', '2026-02-06 09:24:49.876036+00', NULL, NULL, NULL, 'f', NULL, '删除菜单'),(34, '系统菜单', '4', 'admin', 1, '/api/system/menu/:ids', '192.168.2.22', '内网地址', '{"params":{"ids":"13"}}', '{"code":200,"msg":"操作成功","data":null}', 10, 't', '2026-02-06 09:24:52.543449+00', NULL, NULL, NULL, 'f', NULL, '删除菜单'),(35, '系统菜单', '4', 'admin', 1, '/api/system/menu/:ids', '192.168.2.22', '内网地址', '{"params":{"ids":"15"}}', '{"code":200,"msg":"操作成功","data":null}', 5, 't', '2026-02-06 09:24:56.90815+00', NULL, NULL, NULL, 'f', NULL, '删除菜单'),(36, '系统菜单', '4', 'admin', 1, '/api/system/menu/:ids', '192.168.2.22', '内网地址', '{"params":{"ids":"16"}}', '{"code":200,"msg":"操作成功","data":null}', 10, 't', '2026-02-06 09:24:58.681211+00', NULL, NULL, NULL, 'f', NULL, '删除菜单'),(37, '系统菜单', '4', 'admin', 1, '/api/system/menu/:ids', '192.168.2.22', '内网地址', '{"params":{"ids":"17"}}', '{"code":200,"msg":"操作成功","data":null}', 7, 't', '2026-02-06 09:25:01.193392+00', NULL, NULL, NULL, 'f', NULL, '删除菜单'),(38, '系统菜单', '4', 'admin', 1, '/api/system/menu/:ids', '192.168.2.22', '内网地址', '{"params":{"ids":"11"}}', '{"code":200,"msg":"操作成功","data":null}', 7, 't', '2026-02-06 09:25:03.994075+00', NULL, NULL, NULL, 'f', NULL, '删除菜单'),(39, '系统菜单', '4', 'admin', 1, '/api/system/menu/:ids', '192.168.2.22', '内网地址', '{"params":{"ids":"14"}}', '{"code":200,"msg":"操作成功","data":null}', 4, 't', '2026-02-06 09:25:05.616535+00', NULL, NULL, NULL, 'f', NULL, '删除菜单'),(40, '系统菜单', '2', 'admin', 1, '/api/system/menu', '192.168.2.22', '内网地址', '{"body":{"title":"menus.monitor.title","path":"/monitor","name":"Monitor","component":"/index/index","icon":"material-symbols:screenshot-monitor-outline","showBadge":false,"showTextBadge":"","isHide":false,"isHideTab":false,"link":"","isIframe":false,"keepAlive":true,"fixedTab":false,"activePath":"","sort":0,"status":true,"parentId":0}}', '{"code":200,"msg":"操作成功","data":null}', 36, 't', '2026-02-07 06:54:25.085345+00', NULL, NULL, NULL, 'f', NULL, '创建菜单'),(73, '定时任务', '3', 'admin', 1, '/api/monitor/job', '::1', '内网地址', '{"body":{"jobId":8,"jobName":"测试任务","jobCron":"0 * * * * *","jobArgs":"[\"乔治\",19,true]","status":true,"createBy":null,"updateBy":null,"delFlag":false,"remark":null,"createTime":{},"updateTime":{}}}', '{"code":200,"msg":"操作成功","data":null}', 7, 't', '2026-02-11 05:52:35.963922+00', NULL, NULL, NULL, 'f', NULL, '更新'),(74, '定时任务', '3', 'admin', 1, '/api/monitor/job', '::1', '内网地址', '{"body":{"jobId":8,"jobName":"测试任务","jobCron":"0 * * * * *","jobArgs":"[\"乔治\",19,true]","status":false,"createBy":null,"updateBy":null,"delFlag":false,"remark":null,"createTime":{},"updateTime":{}}}', '{"code":200,"msg":"操作成功","data":null}', 33, 't', '2026-02-11 05:53:49.035365+00', NULL, NULL, NULL, 'f', NULL, '更新'),(75, '定时任务', '3', 'admin', 1, '/api/monitor/job', '::1', '内网地址', '{"body":{"jobId":8,"jobName":"测试任务","jobCron":"0 * * * * *","jobArgs":"[\"乔治\",19,true]","status":true,"createBy":null,"updateBy":null,"delFlag":false,"remark":null,"createTime":{},"updateTime":{}}}', '{"code":200,"msg":"操作成功","data":null}', 14, 't', '2026-02-11 05:53:51.882631+00', NULL, NULL, NULL, 'f', NULL, '更新'),(76, '定时任务', '3', 'admin', 1, '/api/monitor/job', '::1', '内网地址', '{"body":{"jobId":8,"jobName":"测试任务1","jobCron":"0 * * * * *","jobArgs":"[\"乔治\",19,true]","status":true,"createBy":null,"updateBy":null,"delFlag":false,"remark":"","createTime":{},"updateTime":{}}}', '{"code":500,"msg":"服务器内部错误","data":null}', 70, 'f', '2026-02-11 05:56:29.699181+00', NULL, NULL, NULL, 'f', NULL, '更新'),(77, '定时任务', '3', 'admin', 1, '/api/monitor/job', '::1', '内网地址', '{"body":{"jobId":8,"jobName":"测试任务1","jobCron":"0 * * * * *","jobArgs":"[\"乔治\",19,true]","status":true,"createBy":null,"updateBy":null,"delFlag":false,"remark":"","createTime":{},"updateTime":{}}}', '{"code":500,"msg":"服务器内部错误","data":null}', 25, 'f', '2026-02-11 06:02:28.433732+00', NULL, NULL, NULL, 'f', NULL, '更新'),(6, '系统用户', '1', 'admin', 1, '/api/system/user/list', '192.168.2.22', '内网地址', '{"query":{"pageNum":1,"pageSize":10}}', '{"code":200,"msg":"操作成功","data":{"list":[{"userId":20,"username":"admin123","nickname":"老妖","email":"423235235@qq.com","phone":"19890987675","sex":"1","avatar":null,"deptId":1,"status":true,"createTime":{},"createBy":null,"updateTime":null,"updateBy":null,"delFlag":false,"remark":null},{"userId":14,"username":"qiaozhi","nickname":"乔治","email":"43242@qq.com","phone":"19898767656","sex":"1","avatar":null,"deptId":8,"status":true,"createTime":{},"createBy":null,"updateTime":null,"updateBy":null,"delFlag":false,"remark":null},{"userId":13,"username":"xiaomei","nickname":"罗德风","email":"2652365944@qq.com","phone":null,"sex":"0","avatar":null,"deptId":null,"status":true,"createTime":{},"createBy":null,"updateTime":null,"updateBy":null,"delFlag":false,"remark":null},{"userId":1,"username":"admin","nickname":"梅","email":"1360658549@qq.com","phone":"19899999999","sex":"0","avatar":null,"deptId":null,"status":true,"createTime":{},"createBy":null,"updateTime":{},"updateBy":1765869150583,"delFlag":false,"remark":null}],"t', 12, 't', '2026-02-05 03:45:18.270963+00', NULL, NULL, NULL, 'f', NULL, '查询列表'),(9, '系统角色', '2', 'admin', 1, '/api/system/role', '192.168.2.22', '内网地址', '{"body":{"roleName":"测试角色","roleCode":"111","sort":0,"status":true,"remark":""}}', '{"code":200,"msg":"操作成功","data":null}', 9, 't', '2026-02-05 05:46:25.183742+00', NULL, NULL, NULL, 'f', NULL, '创建'),(10, '系统角色', '3', 'admin', 1, '/api/system/role', '192.168.2.22', '内网地址', '{"body":{"roleId":6,"roleName":"测试角色","roleCode":"111","sort":0,"status":true,"createBy":null,"updateBy":null,"delFlag":false,"remark":"424234","createTime":{},"updateTime":null}}', '{"code":200,"msg":"操作成功","data":null}', 9, 't', '2026-02-05 05:46:46.520529+00', NULL, NULL, NULL, 'f', NULL, '更新'),(11, '系统角色', '4', 'admin', 1, '/api/system/role/:ids', '192.168.2.22', '内网地址', '{"params":{"ids":"6"}}', '{"code":200,"msg":"操作成功","data":null}', 9, 't', '2026-02-05 05:47:16.770066+00', NULL, NULL, NULL, 'f', NULL, '删除'),(12, '系统用户', '3', 'admin', 1, '/api/system/user', '192.168.2.22', '内网地址', '{"body":{"userId":1,"username":"admin","password":"***","nickname":"梅山老妖","email":"1360658549@qq.com","phone":"19899999999","sex":"0","avatar":null,"deptId":4,"status":true,"createBy":null,"updateBy":1765869150583,"delFlag":false,"remark":null,"createTime":{},"updateTime":{},"roles":[1,2,3]}}', '{"code":200,"msg":"操作成功","data":null}', 28, 't', '2026-02-05 09:13:46.869855+00', NULL, NULL, NULL, 'f', NULL, '更新'),(13, '系统用户', '3', 'admin', 1, '/api/system/user/basic', '192.168.2.22', '内网地址', '{"body":{"userId":1,"username":"admin","nickname":"梅山老妖","email":"1360658549@qq.com","phone":"19899999999","sex":"0","avatar":null,"deptId":4,"status":true,"createBy":null,"updateBy":1765869150583,"delFlag":false,"remark":null,"createTime":{},"updateTime":{}}}', '{"code":200,"msg":"操作成功","data":null}', 18, 't', '2026-02-06 02:57:02.830128+00', NULL, NULL, NULL, 'f', NULL, '更新个人基本信息'),(14, '系统用户', '3', 'admin', 1, '/api/system/user/basic', '192.168.2.22', '内网地址', '{"body":{"userId":1,"username":"admin","nickname":"梅山老妖","email":"1360658549@qq.com","phone":"19899999999","sex":"0","avatar":null,"deptId":4,"status":true,"createBy":null,"updateBy":1765869150583,"delFlag":false,"remark":null,"createTime":{},"updateTime":{}}}', '{"code":200,"msg":"操作成功","data":null}', 7, 't', '2026-02-06 02:57:31.604839+00', NULL, NULL, NULL, 'f', NULL, '更新个人基本信息'),(15, '系统用户', '3', 'admin', 1, '/api/system/user/basic', '192.168.2.22', '内网地址', '{"body":{"userId":1,"username":"admin","nickname":"梅山老妖","email":"1360658549@qq.com","phone":"19899999999","sex":"0","avatar":null,"deptId":4,"status":true,"createBy":null,"updateBy":1765869150583,"delFlag":false,"remark":null,"createTime":{},"updateTime":{}}}', '{"code":200,"msg":"操作成功","data":null}', 30, 't', '2026-02-06 02:58:10.812037+00', NULL, NULL, NULL, 'f', NULL, '更新个人基本信息'),(16, '系统用户', '3', 'admin', 1, '/api/system/user/basic', '192.168.2.22', '内网地址', '{"body":{"nickname":"梅山老妖","email":"1360658549@qq.com","phone":"19899999999","sex":"0","remark":"1111"}}', '{"code":200,"msg":"操作成功","data":null}', 33, 't', '2026-02-06 03:04:34.371545+00', NULL, NULL, NULL, 'f', NULL, '更新个人基本信息'),(17, '系统用户', '3', 'admin', 1, '/api/system/user/basic', '192.168.2.22', '内网地址', '{"body":{"nickname":"梅山老妖","email":"1360658549@qq.com","phone":"19899999999","sex":"0","remark":"专注于用户体验跟视觉设计"}}', '{"code":200,"msg":"操作成功","data":null}', 15, 't', '2026-02-06 03:05:01.654972+00', NULL, NULL, NULL, 'f', NULL, '更新个人基本信息'),(18, '系统用户', '3', 'admin', 1, '/api/system/user/basic', '192.168.2.22', '内网地址', '{"body":{"nickname":"梅山老妖","email":"1360658549@qq.com","phone":"19899999999","sex":"0","remark":"专注于用户体验跟视觉设计"}}', '{"code":200,"msg":"操作成功","data":null}', 53, 't', '2026-02-06 03:09:50.235699+00', NULL, NULL, NULL, 'f', NULL, '更新个人基本信息'),(19, '系统用户', '3', 'admin', 1, '/api/system/user/basic', '192.168.2.22', '内网地址', '{"body":{"nickname":"梅山老妖","email":"1360658549@qq.com","phone":"19899999999","sex":"0","remark":"专注于用户体验跟视觉设计"}}', '{"code":200,"msg":"操作成功","data":null}', 7, 't', '2026-02-06 03:09:53.73761+00', NULL, NULL, NULL, 'f', NULL, '更新个人基本信息'),(20, '系统用户', '3', 'admin', 1, '/api/system/user/basic', '192.168.2.22', '内网地址', '{"body":{"nickname":"梅山老妖","email":"1360658549@qq.com","phone":"19899999999","sex":"0","remark":"专注于用户体验跟视觉设计"}}', '{"code":200,"msg":"操作成功","data":null}', 10, 't', '2026-02-06 03:09:54.014642+00', NULL, NULL, NULL, 'f', NULL, '更新个人基本信息'),(21, '系统用户', '3', 'admin', 1, '/api/system/user/basic', '192.168.2.22', '内网地址', '{"body":{"nickname":"梅山老妖","email":"1360658549@qq.com","phone":"19899999999","sex":"0","remark":"专注于用户体验跟视觉设计"}}', '{"code":200,"msg":"操作成功","data":null}', 10, 't', '2026-02-06 03:09:54.313594+00', NULL, NULL, NULL, 'f', NULL, '更新个人基本信息'),(22, '系统用户', '3', 'admin', 1, '/api/system/user/basic', '192.168.2.22', '内网地址', '{"body":{"nickname":"梅山老妖","email":"1360658549@qq.com","phone":"19899999999","sex":"0","remark":"专注于用户体验跟视觉设计"}}', '{"code":200,"msg":"操作成功","data":null}', 10, 't', '2026-02-06 03:09:54.731109+00', NULL, NULL, NULL, 'f', NULL, '更新个人基本信息'),(23, '系统用户', '3', 'admin', 1, '/api/system/user/basic', '192.168.2.22', '内网地址', '{"body":{"nickname":"梅山老妖","email":"1360658549@qq.com","phone":"19899999999","sex":"0","remark":"专注于用户体验跟视觉设计"}}', '{"code":200,"msg":"操作成功","data":null}', 5, 't', '2026-02-06 03:09:55.037101+00', NULL, NULL, NULL, 'f', NULL, '更新个人基本信息'),(24, '系统用户', '3', 'admin', 1, '/api/system/user/basic', '192.168.2.22', '内网地址', '{"body":{"nickname":"梅山老妖","email":"1360658549@qq.com","phone":"19899999999","sex":"0","remark":"专注于用户体验跟视觉设计"}}', '{"code":200,"msg":"操作成功","data":null}', 5, 't', '2026-02-06 03:09:55.344352+00', NULL, NULL, NULL, 'f', NULL, '更新个人基本信息'),(25, '系统用户', '3', 'admin', 1, '/api/system/user/basic', '192.168.2.22', '内网地址', '{"body":{"nickname":"梅山老妖","email":"1360658549@qq.com","phone":"19899999999","sex":"0","remark":"专注于用户体验跟视觉设计"}}', '{"code":200,"msg":"操作成功","data":null}', 8, 't', '2026-02-06 03:09:55.634092+00', NULL, NULL, NULL, 'f', NULL, '更新个人基本信息'),(29, '系统用户', '3', 'admin', 1, '/api/system/user/password', '192.168.2.22', '内网地址', '{"body":{"oldPassword":"123456","newPassword":"111111","confirmPassword":"111111"}}', '{"code":200,"msg":"操作成功","data":null}', 131, 't', '2026-02-06 03:29:56.664344+00', NULL, NULL, NULL, 'f', NULL, '更新个人密码'),(41, '系统菜单', '3', 'admin', 1, '/api/system/menu', '192.168.2.22', '内网地址', '{"body":{"menuId":22,"path":"online","name":"Online","component":"/monitor/online","title":"menus.monitor.online","icon":"tabler:api","showBadge":false,"showTextBadge":"","isHide":false,"isHideTab":false,"link":"","isIframe":false,"keepAlive":true,"fixedTab":false,"activePath":"","sort":0,"status":true,"parentId":22}}', '{"code":200,"msg":"操作成功","data":null}', 52, 't', '2026-02-07 07:13:58.622015+00', NULL, NULL, NULL, 'f', NULL, '更新菜单'),(42, '系统菜单', '3', 'admin', 1, '/api/system/menu', '192.168.2.22', '内网地址', '{"body":{"menuId":4,"path":"online","name":"Online","component":"/monitor/online","title":"menus.monitor.online","icon":"ri:user-line","showBadge":false,"showTextBadge":"","isHide":false,"isHideTab":false,"link":"","isIframe":false,"keepAlive":true,"fixedTab":false,"activePath":"","sort":0,"status":true,"parentId":22}}', '{"code":200,"msg":"操作成功","data":null}', 67, 't', '2026-02-07 07:19:41.875908+00', NULL, NULL, NULL, 'f', NULL, '更新菜单'),(43, '系统菜单', '2', 'admin', 1, '/api/system/menu', '192.168.2.22', '内网地址', '{"body":{"title":"menus.monitor.online","path":"online","name":"Online","component":"/monitor/online","icon":"material-symbols:screenshot-monitor-outline","showBadge":false,"showTextBadge":"","isHide":false,"isHideTab":false,"link":"","isIframe":false,"keepAlive":true,"fixedTab":false,"activePath":"","sort":1,"status":true,"parentId":22}}', '{"code":200,"msg":"操作成功","data":null}', 48, 't', '2026-02-07 07:27:32.89904+00', NULL, NULL, NULL, 'f', NULL, '创建菜单'),(44, '系统菜单', '3', 'admin', 1, '/api/system/menu', '192.168.2.22', '内网地址', '{"body":{"menuId":23,"path":"online","name":"Online","component":"/monitor/online","title":"menus.monitor.online","icon":"majesticons:status-online","showBadge":false,"showTextBadge":"","isHide":false,"isHideTab":false,"link":"","isIframe":false,"keepAlive":true,"fixedTab":false,"activePath":"","sort":1,"status":true,"parentId":22}}', '{"code":200,"msg":"操作成功","data":null}', 56, 't', '2026-02-07 07:29:04.123752+00', NULL, NULL, NULL, 'f', NULL, '更新菜单'),(45, '系统菜单', '2', 'admin', 1, '/api/system/menu', '192.168.2.22', '内网地址', '{"body":{"title":"menus.monitor.job","path":"job","name":"Job","component":"/monitor/job","icon":"material-symbols:emoji-food-beverage-outline","showBadge":false,"showTextBadge":"","isHide":false,"isHideTab":false,"link":"","isIframe":false,"keepAlive":true,"fixedTab":false,"activePath":"","sort":2,"status":true,"parentId":0}}', '{"code":200,"msg":"操作成功","data":null}', 41, 't', '2026-02-07 07:43:57.400424+00', NULL, NULL, NULL, 'f', NULL, '创建菜单'),(46, '系统菜单', '3', 'admin', 1, '/api/system/menu', '192.168.2.22', '内网地址', '{"body":{"menuId":22,"path":"/monitor","name":"Monitor","component":"/index/index","title":"menus.monitor.title","icon":"material-symbols:screenshot-monitor-outline","showBadge":false,"showTextBadge":"","isHide":false,"isHideTab":false,"link":"","isIframe":false,"keepAlive":true,"fixedTab":false,"activePath":"","sort":0,"status":true,"parentId":0}}', '{"code":200,"msg":"操作成功","data":null}', 13, 't', '2026-02-07 07:44:48.746735+00', NULL, NULL, NULL, 'f', NULL, '更新菜单'),(47, '系统菜单', '2', 'admin', 1, '/api/system/menu', '192.168.2.22', '内网地址', '{"body":{"title":"menus.monitor.server","path":"server","name":"Server","component":"/monitor/server","icon":"bx:bxs-server","showBadge":false,"showTextBadge":"","isHide":false,"isHideTab":false,"link":"","isIframe":false,"keepAlive":true,"fixedTab":false,"activePath":"","sort":3,"status":true,"parentId":22}}', '{"code":200,"msg":"操作成功","data":null}', 36, 't', '2026-02-07 07:47:03.426609+00', NULL, NULL, NULL, 'f', NULL, '创建菜单'),(48, '系统角色', '3', 'admin', 1, '/api/system/role/permission', '192.168.2.22', '内网地址', '{"body":{"roleId":1,"permissions":[{"menuId":1},{"menuId":2},{"menuId":3},{"menuId":4},{"menuId":4,"menuBtnId":25},{"menuId":4,"menuBtnId":26},{"menuId":4,"menuBtnId":27},{"menuId":4,"menuBtnId":28},{"menuId":5},{"menuId":5,"menuBtnId":29},{"menuId":5,"menuBtnId":30},{"menuId":5,"menuBtnId":31},{"menuId":5,"menuBtnId":32},{"menuId":6},{"menuId":7},{"menuId":7,"menuBtnId":2},{"menuId":7,"menuBtnId":3},{"menuId":7,"menuBtnId":5},{"menuId":7,"menuBtnId":1},{"menuId":8},{"menuId":8,"menuBtnId":9},{"menuId":8,"menuBtnId":10},{"menuId":8,"menuBtnId":11},{"menuId":8,"menuBtnId":12},{"menuId":9},{"menuId":9,"menuBtnId":17},{"menuId":9,"menuBtnId":18},{"menuId":9,"menuBtnId":19},{"menuId":9,"menuBtnId":20},{"menuId":9,"menuBtnId":21},{"menuId":9,"menuBtnId":22},{"menuId":9,"menuBtnId":23},{"menuId":9,"menuBtnId":24},{"menuId":10},{"menuId":10,"menuBtnId":14},{"menuId":10,"menuBtnId":15},{"menuId":10,"menuBtnId":16},{"menuId":10,"menuBtnId":13},{"menuId":18},{"menuId":18,"menuBtnId":33},{"menuId":18,"menuBtnId":34},{"m', '{"code":200,"msg":"操作成功","data":null}', 18, 't', '2026-02-07 07:47:17.796988+00', NULL, NULL, NULL, 'f', NULL, '更新角色权限'),(49, '系统菜单', '3', 'admin', 1, '/api/system/menu', '192.168.2.22', '内网地址', '{"body":{"menuId":5,"path":"role","name":"Role","component":"/system/role","title":"menus.system.role","icon":"ri:user-settings-line","showBadge":false,"showTextBadge":"","isHide":false,"isHideTab":false,"link":"","isIframe":false,"keepAlive":true,"fixedTab":false,"activePath":"","sort":1,"status":true,"parentId":3}}', '{"code":200,"msg":"操作成功","data":null}', 18, 't', '2026-02-07 07:54:13.282018+00', NULL, NULL, NULL, 'f', NULL, '更新菜单'),(50, '系统菜单', '3', 'admin', 1, '/api/system/menu', '192.168.2.22', '内网地址', '{"body":{"menuId":7,"path":"menu","name":"Menus","component":"/system/menu","title":"menus.system.menu","icon":"ri:menu-line","showBadge":false,"showTextBadge":"","isHide":false,"isHideTab":false,"link":"","isIframe":false,"keepAlive":true,"fixedTab":false,"activePath":"","sort":2,"status":true,"parentId":3}}', '{"code":200,"msg":"操作成功","data":null}', 16, 't', '2026-02-07 07:54:25.954737+00', NULL, NULL, NULL, 'f', NULL, '更新菜单'),(51, '系统菜单', '3', 'admin', 1, '/api/system/menu', '192.168.2.22', '内网地址', '{"body":{"menuId":8,"path":"dept","name":"Dept","component":"/system/dept","title":"menus.system.dept","icon":"material-symbols:groups-2-outline","showBadge":false,"showTextBadge":"","isHide":false,"isHideTab":false,"link":"","isIframe":false,"keepAlive":true,"fixedTab":false,"activePath":"","sort":3,"status":true,"parentId":3}}', '{"code":200,"msg":"操作成功","data":null}', 8, 't', '2026-02-07 07:54:30.708054+00', NULL, NULL, NULL, 'f', NULL, '更新菜单'),(52, '系统菜单', '3', 'admin', 1, '/api/system/menu', '192.168.2.22', '内网地址', '{"body":{"menuId":9,"path":"dict","name":"Dict","component":"/system/dict","title":"menus.system.dict","icon":"material-symbols:book-2-outline","showBadge":false,"showTextBadge":"","isHide":false,"isHideTab":false,"link":"","isIframe":false,"keepAlive":true,"fixedTab":false,"activePath":"","sort":4,"status":true,"parentId":3}}', '{"code":200,"msg":"操作成功","data":null}', 11, 't', '2026-02-07 07:54:36.778221+00', NULL, NULL, NULL, 'f', NULL, '更新菜单'),(53, '系统菜单', '3', 'admin', 1, '/api/system/menu', '192.168.2.22', '内网地址', '{"body":{"menuId":10,"path":"api","name":"Api","component":"/system/api","title":"menus.system.api","icon":"tabler:api","showBadge":false,"showTextBadge":"","isHide":false,"isHideTab":false,"link":"","isIframe":false,"keepAlive":true,"fixedTab":false,"activePath":"","sort":5,"status":true,"parentId":3}}', '{"code":200,"msg":"操作成功","data":null}', 11, 't', '2026-02-07 07:54:44.064238+00', NULL, NULL, NULL, 'f', NULL, '更新菜单'),(54, '系统菜单', '3', 'admin', 1, '/api/system/menu', '192.168.2.22', '内网地址', '{"body":{"menuId":18,"path":"blacklist","name":"Blacklist","component":"/system/blacklist","title":"menus.system.blacklist","icon":"material-symbols:block-outline","showBadge":false,"showTextBadge":"","isHide":false,"isHideTab":false,"link":"","isIframe":false,"keepAlive":true,"fixedTab":false,"activePath":"","sort":6,"status":true,"parentId":3}}', '{"code":200,"msg":"操作成功","data":null}', 12, 't', '2026-02-07 07:54:50.813277+00', NULL, NULL, NULL, 'f', NULL, '更新菜单'),(55, '系统菜单', '3', 'admin', 1, '/api/system/menu', '192.168.2.22', '内网地址', '{"body":{"menuId":19,"path":"log","name":"Log","component":"","title":"menus.system.log","icon":"ri:file-list-3-line","showBadge":false,"showTextBadge":"","isHide":false,"isHideTab":false,"link":"","isIframe":false,"keepAlive":true,"fixedTab":false,"activePath":"","sort":7,"status":true,"parentId":3}}', '{"code":200,"msg":"操作成功","data":null}', 18, 't', '2026-02-07 07:54:55.898164+00', NULL, NULL, NULL, 'f', NULL, '更新菜单'),(56, '系统菜单', '2', 'admin', 1, '/api/system/menu/btn', '::1', '内网地址', '{"body":{"menuId":23,"title":"查询","permission":"monitor:online:query","sort":0,"status":true}}', '{"code":200,"msg":"操作成功","data":null}', 11, 't', '2026-02-09 06:59:11.216841+00', NULL, NULL, NULL, 'f', NULL, '创建按钮'),(57, '系统菜单', '2', 'admin', 1, '/api/system/menu/btn', '::1', '内网地址', '{"body":{"menuId":23,"title":"强退","permission":"monitor:online:forceLogout","sort":0,"status":true}}', '{"code":200,"msg":"操作成功","data":null}', 15, 't', '2026-02-09 06:59:35.507825+00', NULL, NULL, NULL, 'f', NULL, '创建按钮'),(58, '系统角色', '3', 'admin', 1, '/api/system/role/permission', '::1', '内网地址', '{"body":{"roleId":1,"permissions":[{"menuId":1},{"menuId":2},{"menuId":3},{"menuId":4},{"menuId":4,"menuBtnId":25},{"menuId":4,"menuBtnId":26},{"menuId":4,"menuBtnId":27},{"menuId":4,"menuBtnId":28},{"menuId":6},{"menuId":5},{"menuId":5,"menuBtnId":29},{"menuId":5,"menuBtnId":30},{"menuId":5,"menuBtnId":31},{"menuId":5,"menuBtnId":32},{"menuId":7},{"menuId":7,"menuBtnId":2},{"menuId":7,"menuBtnId":3},{"menuId":7,"menuBtnId":5},{"menuId":7,"menuBtnId":1},{"menuId":8},{"menuId":8,"menuBtnId":9},{"menuId":8,"menuBtnId":10},{"menuId":8,"menuBtnId":11},{"menuId":8,"menuBtnId":12},{"menuId":9},{"menuId":9,"menuBtnId":17},{"menuId":9,"menuBtnId":18},{"menuId":9,"menuBtnId":19},{"menuId":9,"menuBtnId":20},{"menuId":9,"menuBtnId":21},{"menuId":9,"menuBtnId":22},{"menuId":9,"menuBtnId":23},{"menuId":9,"menuBtnId":24},{"menuId":10},{"menuId":10,"menuBtnId":14},{"menuId":10,"menuBtnId":15},{"menuId":10,"menuBtnId":16},{"menuId":10,"menuBtnId":13},{"menuId":18},{"menuId":18,"menuBtnId":33},{"menuId":18,"menuBtnId":34},{"m', '{"code":200,"msg":"操作成功","data":null}', 20, 't', '2026-02-09 06:59:45.607008+00', NULL, NULL, NULL, 'f', NULL, '更新角色权限'),(59, '系统字典', '2', 'admin', 1, '/api/system/dict/type', '::1', '内网地址', '{"body":{"dictName":"系统用户类型","dictType":"system_user_type"}}', '{"code":200,"msg":"操作成功","data":null}', 17, 't', '2026-02-09 07:02:58.96939+00', NULL, NULL, NULL, 'f', NULL, '创建-类型'),(60, '系统字典', '2', 'admin', 1, '/api/system/dict/data', '::1', '内网地址', '{"body":{"dictSort":0,"dictValue":"admin","dictLabel":"管理员","dictType":"system_user_type","tagType":"danger","customClass":"","remark":""}}', '{"code":200,"msg":"操作成功","data":null}', 36, 't', '2026-02-09 07:03:37.975175+00', NULL, NULL, NULL, 'f', NULL, '创建-数据'),(61, '系统字典', '2', 'admin', 1, '/api/system/dict/data', '::1', '内网地址', '{"body":{"dictSort":0,"dictValue":"user","dictLabel":"普通用户","dictType":"system_user_type","tagType":"info","customClass":"","remark":""}}', '{"code":200,"msg":"操作成功","data":null}', 16, 't', '2026-02-09 07:03:57.354709+00', NULL, NULL, NULL, 'f', NULL, '创建-数据'),(62, '在线用户', '4', 'admin', 1, '/api/monitor/online/forceLogout/:ids', '::1', '内网地址', '{"params":{"ids":"1"}}', '{"code":200,"msg":"操作成功","data":null}', 12, 't', '2026-02-11 05:30:46.498296+00', NULL, NULL, NULL, 'f', NULL, '强退'),(63, '系统菜单', '2', 'admin', 1, '/api/system/menu/btn', '::1', '内网地址', '{"body":{"menuId":24,"title":"新增","permission":"monitor:job:create","sort":0,"status":true}}', '{"code":200,"msg":"操作成功","data":null}', 15, 't', '2026-02-11 05:48:22.498253+00', NULL, NULL, NULL, 'f', NULL, '创建按钮'),(64, '系统菜单', '2', 'admin', 1, '/api/system/menu/btn', '::1', '内网地址', '{"body":{"menuId":24,"title":"查询","permission":"monitor:job:query","sort":0,"status":true}}', '{"code":200,"msg":"操作成功","data":null}', 13, 't', '2026-02-11 05:48:34.782453+00', NULL, NULL, NULL, 'f', NULL, '创建按钮'),(65, '系统菜单', '2', 'admin', 1, '/api/system/menu/btn', '::1', '内网地址', '{"body":{"menuId":24,"title":"编辑","permission":"monitor:job:update","sort":0,"status":true}}', '{"code":200,"msg":"操作成功","data":null}', 13, 't', '2026-02-11 05:48:46.829538+00', NULL, NULL, NULL, 'f', NULL, '创建按钮'),(66, '系统菜单', '2', 'admin', 1, '/api/system/menu/btn', '::1', '内网地址', '{"body":{"menuId":24,"title":"删除","permission":"monitor:job:delete","sort":0,"status":true}}', '{"code":200,"msg":"操作成功","data":null}', 13, 't', '2026-02-11 05:48:56.619538+00', NULL, NULL, NULL, 'f', NULL, '创建按钮'),(67, '系统角色', '3', 'admin', 1, '/api/system/role/permission', '::1', '内网地址', '{"body":{"roleId":1,"permissions":[{"menuId":1},{"menuId":2},{"menuId":3},{"menuId":4},{"menuId":4,"menuBtnId":25},{"menuId":4,"menuBtnId":26},{"menuId":4,"menuBtnId":27},{"menuId":4,"menuBtnId":28},{"menuId":6},{"menuId":5},{"menuId":5,"menuBtnId":29},{"menuId":5,"menuBtnId":30},{"menuId":5,"menuBtnId":31},{"menuId":5,"menuBtnId":32},{"menuId":7},{"menuId":7,"menuBtnId":2},{"menuId":7,"menuBtnId":3},{"menuId":7,"menuBtnId":5},{"menuId":7,"menuBtnId":1},{"menuId":8},{"menuId":8,"menuBtnId":9},{"menuId":8,"menuBtnId":10},{"menuId":8,"menuBtnId":11},{"menuId":8,"menuBtnId":12},{"menuId":9},{"menuId":9,"menuBtnId":17},{"menuId":9,"menuBtnId":18},{"menuId":9,"menuBtnId":19},{"menuId":9,"menuBtnId":20},{"menuId":9,"menuBtnId":21},{"menuId":9,"menuBtnId":22},{"menuId":9,"menuBtnId":23},{"menuId":9,"menuBtnId":24},{"menuId":10},{"menuId":10,"menuBtnId":14},{"menuId":10,"menuBtnId":15},{"menuId":10,"menuBtnId":16},{"menuId":10,"menuBtnId":13},{"menuId":18},{"menuId":18,"menuBtnId":33},{"menuId":18,"menuBtnId":34},{"m', '{"code":200,"msg":"操作成功","data":null}', 22, 't', '2026-02-11 05:49:08.052009+00', NULL, NULL, NULL, 'f', NULL, '更新角色权限'),(68, '定时任务', '3', 'admin', 1, '/api/monitor/job', '::1', '内网地址', '{"body":{"jobId":8,"jobName":"测试任务","jobCron":"0 * * * * *","jobArgs":"[\"乔治\",19,true]","status":false,"createBy":null,"updateBy":null,"delFlag":false,"remark":null,"createTime":{},"updateTime":null}}', '{"code":200,"msg":"操作成功","data":null}', 31, 't', '2026-02-11 05:50:03.51308+00', NULL, NULL, NULL, 'f', NULL, '更新'),(69, '定时任务', '3', 'admin', 1, '/api/monitor/job', '::1', '内网地址', '{"body":{"jobId":8,"jobName":"测试任务","jobCron":"0 * * * * *","jobArgs":"[\"乔治\",19,true]","status":true,"createBy":null,"updateBy":null,"delFlag":false,"remark":null,"createTime":{},"updateTime":{}}}', '{"code":200,"msg":"操作成功","data":null}', 16, 't', '2026-02-11 05:50:15.435374+00', NULL, NULL, NULL, 'f', NULL, '更新'),(70, '定时任务', '3', 'admin', 1, '/api/monitor/job', '::1', '内网地址', '{"body":{"jobId":8,"jobName":"测试任务","jobCron":"0 * * * * *","jobArgs":"[\"乔治\",19,true]","status":false,"createBy":null,"updateBy":null,"delFlag":false,"remark":null,"createTime":{},"updateTime":{}}}', '{"code":200,"msg":"操作成功","data":null}', 11, 't', '2026-02-11 05:50:19.969326+00', NULL, NULL, NULL, 'f', NULL, '更新'),(71, '定时任务', '3', 'admin', 1, '/api/monitor/job', '::1', '内网地址', '{"body":{"jobId":8,"jobName":"测试任务","jobCron":"0 * * * * *","jobArgs":"[\"乔治\",19,true]","status":true,"createBy":null,"updateBy":null,"delFlag":false,"remark":null,"createTime":{},"updateTime":{}}}', '{"code":200,"msg":"操作成功","data":null}', 14, 't', '2026-02-11 05:50:42.55143+00', NULL, NULL, NULL, 'f', NULL, '更新'),(72, '定时任务', '3', 'admin', 1, '/api/monitor/job', '::1', '内网地址', '{"body":{"jobId":8,"jobName":"测试任务","jobCron":"0 * * * * *","jobArgs":"[\"乔治\",19,true]","status":false,"createBy":null,"updateBy":null,"delFlag":false,"remark":null,"createTime":{},"updateTime":{}}}', '{"code":200,"msg":"操作成功","data":null}', 13, 't', '2026-02-11 05:50:45.201401+00', NULL, NULL, NULL, 'f', NULL, '更新'),(78, '定时任务', '3', 'admin', 1, '/api/monitor/job', '::1', '内网地址', '{"body":{"jobId":8,"jobName":"测试任务1","jobCron":"0 * * * * *","jobArgs":"[\"乔治\",19,true]","status":true,"createBy":null,"updateBy":null,"delFlag":false,"remark":"","createTime":{},"updateTime":{}}}', '{"code":500,"msg":"服务器内部错误","data":null}', 33, 'f', '2026-02-11 06:03:17.512885+00', NULL, NULL, NULL, 'f', NULL, '更新'),(79, '定时任务', '3', 'admin', 1, '/api/monitor/job', '::1', '内网地址', '{"body":{"jobId":8,"jobName":"测试任务","jobCron":"0 * * * * *","jobArgs":"[\"乔治\",19,true]","status":true,"createBy":null,"updateBy":null,"delFlag":false,"remark":"","createTime":{},"updateTime":{}}}', '{"code":200,"msg":"操作成功","data":null}', 20, 't', '2026-02-11 06:08:50.438478+00', NULL, NULL, NULL, 'f', NULL, '更新'),(80, '定时任务', '3', 'admin', 1, '/api/monitor/job', '::1', '内网地址', '{"body":{"jobId":8,"jobName":"测试任务1","jobCron":"0 * * * * *","jobArgs":"[\"乔治\",19,true]","status":true,"createBy":null,"updateBy":null,"delFlag":false,"remark":"","createTime":{},"updateTime":{}}}', '{"code":500,"msg":"任务 [测试任务1] 未注册","data":null}', 14, 'f', '2026-02-11 06:08:57.03584+00', NULL, NULL, NULL, 'f', NULL, '更新'),(81, '定时任务', '3', 'admin', 1, '/api/monitor/job', '::1', '内网地址', '{"body":{"jobId":8,"jobName":"测试任务1","jobCron":"0 * * * * *","jobArgs":"[\"乔治\",19,true]","status":true,"createBy":null,"updateBy":null,"delFlag":false,"remark":"","createTime":{},"updateTime":{}}}', '{"code":500,"msg":"任务 [测试任务1] 未注册","data":null}', 28, 'f', '2026-02-11 06:10:42.26182+00', NULL, NULL, NULL, 'f', NULL, '更新'),(82, '定时任务', '3', 'admin', 1, '/api/monitor/job', '::1', '内网地址', '{"body":{"jobId":8,"jobName":"测试任务","jobCron":"0 * * * * *","jobArgs":"[\"乔治\",19,true]","status":true,"createBy":null,"updateBy":null,"delFlag":false,"remark":"","createTime":{},"updateTime":{}}}', '{"code":200,"msg":"操作成功","data":null}', 18, 't', '2026-02-11 06:10:54.416725+00', NULL, NULL, NULL, 'f', NULL, '更新'),(83, '定时任务', '3', 'admin', 1, '/api/monitor/job', '::1', '内网地址', '{"body":{"jobId":8,"jobName":"测试任务","jobCron":"0 * * * * *","jobArgs":"[\"乔治\",19,true]","status":false,"createBy":null,"updateBy":null,"delFlag":false,"remark":"","createTime":{},"updateTime":{}}}', '{"code":200,"msg":"操作成功","data":null}', 34, 't', '2026-02-11 06:11:25.282153+00', NULL, NULL, NULL, 'f', NULL, '更新'),(84, '定时任务', '3', 'admin', 1, '/api/monitor/job', '::1', '内网地址', '{"body":{"jobId":8,"jobName":"测试任务","jobCron":"0 * * * * *","jobArgs":"[\"乔治\",19,true]","status":true,"createBy":null,"updateBy":null,"delFlag":false,"remark":"","createTime":{},"updateTime":{}}}', '{"code":200,"msg":"操作成功","data":null}', 16, 't', '2026-02-11 06:11:25.73531+00', NULL, NULL, NULL, 'f', NULL, '更新'),(85, '定时任务', '3', 'admin', 1, '/api/monitor/job', '::1', '内网地址', '{"body":{"jobId":8,"jobName":"测试任务1","jobCron":"0 * * * * *","jobArgs":"[\"乔治\",19,true]","status":true,"createBy":null,"updateBy":null,"delFlag":false,"remark":"","createTime":{},"updateTime":{}}}', '{"code":500,"msg":"任务 [测试任务1] 未注册","data":null}', 7, 'f', '2026-02-11 06:11:28.795271+00', NULL, NULL, NULL, 'f', NULL, '更新'),(86, '定时任务', '3', 'admin', 1, '/api/monitor/job', '::1', '内网地址', '{"body":{"jobId":8,"jobName":"测试任务1","jobCron":"0 * * * * *","jobArgs":"[\"乔治\",19,true]","status":true,"createBy":null,"updateBy":null,"delFlag":false,"remark":"","createTime":{},"updateTime":{}}}', '{"code":500,"msg":"任务 [测试任务1] 未注册","data":null}', 69, 'f', '2026-02-11 06:13:28.751523+00', NULL, NULL, NULL, 'f', NULL, '更新'),(87, '定时任务', '3', 'admin', 1, '/api/monitor/job', '::1', '内网地址', '{"body":{"jobId":8,"jobName":"测试任务1","jobCron":"0 * * * * *","jobArgs":"[\"乔治\",19,true]","status":true,"createBy":null,"updateBy":null,"delFlag":false,"remark":"","createTime":{},"updateTime":{}}}', '{"code":500,"msg":"任务 [测试任务1] 未注册","data":null}', 46, 'f', '2026-02-11 06:15:26.418797+00', NULL, NULL, NULL, 'f', NULL, '更新'),(88, '定时任务', '3', 'admin', 1, '/api/monitor/job', '::1', '内网地址', '{"body":{"jobId":8,"jobName":"测试任务","jobCron":"0 * * * * *","jobArgs":"[\"乔治\",19,true]","status":true,"createBy":null,"updateBy":null,"delFlag":false,"remark":"","createTime":{},"updateTime":{}}}', '{"code":200,"msg":"操作成功","data":null}', 18, 't', '2026-02-11 06:15:29.983613+00', NULL, NULL, NULL, 'f', NULL, '更新'),(89, '定时任务', '4', 'admin', 1, '/api/monitor/job/:ids', '::1', '内网地址', '{"params":{"ids":"8"}}', '{"code":200,"msg":"操作成功","data":null}', 19, 't', '2026-02-11 06:20:54.557294+00', NULL, NULL, NULL, 'f', NULL, '删除'),(90, '定时任务', '3', 'admin', 1, '/api/monitor/job', '::1', '内网地址', '{"body":{"jobId":8,"jobName":"测试任务","jobCron":"0 * * * * *","jobArgs":"[\"乔治\",19,true]","status":false,"createBy":null,"updateBy":null,"delFlag":false,"remark":"","createTime":{},"updateTime":{}}}', '{"code":200,"msg":"操作成功","data":null}', 17, 't', '2026-02-11 06:27:52.146193+00', NULL, NULL, NULL, 'f', NULL, '更新'),(91, '定时任务', '3', 'admin', 1, '/api/monitor/job', '::1', '内网地址', '{"body":{"jobId":8,"jobName":"测试任务","jobCron":"0 * * * * *","jobArgs":"[\"乔治\",19,true]","status":true,"createBy":null,"updateBy":null,"delFlag":false,"remark":"","createTime":{},"updateTime":{}}}', '{"code":200,"msg":"操作成功","data":null}', 13, 't', '2026-02-11 06:27:54.181486+00', NULL, NULL, NULL, 'f', NULL, '更新'),(92, '定时任务', '3', 'admin', 1, '/api/monitor/job', '::1', '内网地址', '{"body":{"jobId":8,"jobName":"测试任务","jobCron":"0 * * * * *","jobArgs":"[\"乔治\",19,true]","status":false,"createBy":null,"updateBy":null,"delFlag":false,"remark":"","createTime":{},"updateTime":{}}}', '{"code":200,"msg":"操作成功","data":null}', 11, 't', '2026-02-11 06:27:54.701911+00', NULL, NULL, NULL, 'f', NULL, '更新'),(93, '定时任务', '3', 'admin', 1, '/api/monitor/job', '::1', '内网地址', '{"body":{"jobId":8,"jobName":"测试任务","jobCron":"0 * * * * *","jobArgs":"[\"乔治\",19,true]","status":true,"createBy":null,"updateBy":null,"delFlag":false,"remark":"","createTime":{},"updateTime":{}}}', '{"code":200,"msg":"操作成功","data":null}', 19, 't', '2026-02-11 06:27:55.300068+00', NULL, NULL, NULL, 'f', NULL, '更新'),(94, '定时任务', '3', 'admin', 1, '/api/monitor/job', '::1', '内网地址', '{"body":{"jobId":8,"jobName":"测试任务","jobCron":"0 * * * * *","jobArgs":"[\"乔治\",19,true]","status":false,"createBy":null,"updateBy":null,"delFlag":false,"remark":"","createTime":{},"updateTime":{}}}', '{"code":200,"msg":"操作成功","data":null}', 10, 't', '2026-02-11 06:27:55.845497+00', NULL, NULL, NULL, 'f', NULL, '更新'),(95, '定时任务', '3', 'admin', 1, '/api/monitor/job', '::1', '内网地址', '{"body":{"jobId":8,"jobName":"测试任务","jobCron":"0 * * * * *","jobArgs":"[\"乔治\",19,true]","status":true,"createBy":null,"updateBy":null,"delFlag":false,"remark":"","createTime":{},"updateTime":{}}}', '{"code":200,"msg":"操作成功","data":null}', 12, 't', '2026-02-11 06:27:56.320469+00', NULL, NULL, NULL, 'f', NULL, '更新'),(96, '定时任务', '3', 'admin', 1, '/api/monitor/job', '::1', '内网地址', '{"body":{"jobId":8,"jobName":"测试任务","jobCron":"0 * * * * *","jobArgs":"[\"乔治\",19,true]","status":false,"createBy":null,"updateBy":null,"delFlag":false,"remark":"","createTime":{},"updateTime":{}}}', '{"code":200,"msg":"操作成功","data":null}', 13, 't', '2026-02-11 06:27:56.768108+00', NULL, NULL, NULL, 'f', NULL, '更新'),(97, '定时任务', '3', 'admin', 1, '/api/monitor/job', '::1', '内网地址', '{"body":{"jobId":8,"jobName":"测试任务","jobCron":"0 * * * * *","jobArgs":"[\"乔治\",19,true]","status":true,"createBy":null,"updateBy":null,"delFlag":false,"remark":"","createTime":{},"updateTime":{}}}', '{"code":200,"msg":"操作成功","data":null}', 10, 't', '2026-02-11 06:27:57.74543+00', NULL, NULL, NULL, 'f', NULL, '更新'),(98, '定时任务', '3', 'admin', 1, '/api/monitor/job', '::1', '内网地址', '{"body":{"jobId":8,"jobName":"测试任务","jobCron":"0 * * * * *","jobArgs":"[\"乔治\",19,true]","status":false,"createBy":null,"updateBy":null,"delFlag":false,"remark":"","createTime":{},"updateTime":{}}}', '{"code":200,"msg":"操作成功","data":null}', 10, 't', '2026-02-11 06:27:58.384507+00', NULL, NULL, NULL, 'f', NULL, '更新'),(100, '定时任务', '3', 'admin', 1, '/api/monitor/job', '::1', '内网地址', '{"body":{"jobId":8,"jobName":"测试任务","jobCron":"0 * * * * *","jobArgs":"[\"乔治\",19,true]","status":false,"createBy":null,"updateBy":null,"delFlag":false,"remark":"","createTime":{},"updateTime":{}}}', '{"code":200,"msg":"操作成功","data":null}', 9, 't', '2026-02-11 06:28:00.546936+00', NULL, NULL, NULL, 'f', NULL, '更新'),(102, '定时任务', '3', 'admin', 1, '/api/monitor/job', '::1', '内网地址', '{"body":{"jobId":8,"jobName":"测试任务","jobCron":"0 * * * * *","jobArgs":"[\"乔治\",19,true]","status":false,"createBy":null,"updateBy":null,"delFlag":false,"remark":"","createTime":{},"updateTime":{}}}', '{"code":200,"msg":"操作成功","data":null}', 11, 't', '2026-02-11 06:28:02.985709+00', NULL, NULL, NULL, 'f', NULL, '更新'),(104, '定时任务', '3', 'admin', 1, '/api/monitor/job', '::1', '内网地址', '{"body":{"jobId":8,"jobName":"测试任务","jobCron":"0 * * * * *","jobArgs":"[\"乔治\",19,true]","status":false,"createBy":null,"updateBy":null,"delFlag":false,"remark":"","createTime":{},"updateTime":{}}}', '{"code":200,"msg":"操作成功","data":null}', 11, 't', '2026-02-11 06:28:05.166118+00', NULL, NULL, NULL, 'f', NULL, '更新'),(106, '定时任务', '3', 'admin', 1, '/api/monitor/job', '::1', '内网地址', '{"body":{"jobId":8,"jobName":"测试任务","jobCron":"0 * * * * *","jobArgs":"[\"乔治\",19,true]","status":false,"createBy":null,"updateBy":null,"delFlag":false,"remark":"","createTime":{},"updateTime":{}}}', '{"code":200,"msg":"操作成功","data":null}', 9, 't', '2026-02-11 06:28:07.256061+00', NULL, NULL, NULL, 'f', NULL, '更新'),(108, '定时任务', '3', 'admin', 1, '/api/monitor/job', '::1', '内网地址', '{"body":{"jobId":8,"jobName":"测试任务","jobCron":"0 * * * * *","jobArgs":"[\"乔治\",19,true]","status":false,"createBy":null,"updateBy":null,"delFlag":false,"remark":"","createTime":{},"updateTime":{}}}', '{"code":200,"msg":"操作成功","data":null}', 7, 't', '2026-02-11 06:28:09.139723+00', NULL, NULL, NULL, 'f', NULL, '更新'),(110, '定时任务', '3', 'admin', 1, '/api/monitor/job', '::1', '内网地址', '{"body":{"jobId":8,"jobName":"测试任务","jobCron":"0 * * * * *","jobArgs":"[\"乔治\",19,true]","status":false,"createBy":null,"updateBy":null,"delFlag":false,"remark":"","createTime":{},"updateTime":{}}}', '{"code":200,"msg":"操作成功","data":null}', 6, 't', '2026-02-11 06:28:10.703043+00', NULL, NULL, NULL, 'f', NULL, '更新'),(112, '定时任务', '3', 'admin', 1, '/api/monitor/job', '::1', '内网地址', '{"body":{"jobId":8,"jobName":"测试任务","jobCron":"0 * * * * *","jobArgs":"[\"乔治\",19,true]","status":false,"createBy":null,"updateBy":null,"delFlag":false,"remark":"","createTime":{},"updateTime":{}}}', '{"code":200,"msg":"操作成功","data":null}', 11, 't', '2026-02-11 06:28:11.852918+00', NULL, NULL, NULL, 'f', NULL, '更新'),(114, '定时任务', '3', 'admin', 1, '/api/monitor/job', '::1', '内网地址', '{"body":{"jobId":8,"jobName":"测试任务","jobCron":"0 * * * * *","jobArgs":"[\"乔治\",19,true]","status":false,"createBy":null,"updateBy":null,"delFlag":false,"remark":"","createTime":{},"updateTime":{}}}', '{"code":200,"msg":"操作成功","data":null}', 6, 't', '2026-02-11 06:28:13.554233+00', NULL, NULL, NULL, 'f', NULL, '更新'),(116, '定时任务', '3', 'admin', 1, '/api/monitor/job', '::1', '内网地址', '{"body":{"jobId":8,"jobName":"测试任务","jobCron":"0 * * * * *","jobArgs":"[\"乔治\",19,true]","status":false,"createBy":null,"updateBy":null,"delFlag":false,"remark":"","createTime":{},"updateTime":{}}}', '{"code":200,"msg":"操作成功","data":null}', 6, 't', '2026-02-11 06:28:15.270128+00', NULL, NULL, NULL, 'f', NULL, '更新'),(118, '定时任务', '3', 'admin', 1, '/api/monitor/job', '::1', '内网地址', '{"body":{"jobId":8,"jobName":"测试任务","jobCron":"0 * * * * *","jobArgs":"[\"乔治\",19,true]","status":false,"createBy":null,"updateBy":null,"delFlag":false,"remark":"","createTime":{},"updateTime":{}}}', '{"code":200,"msg":"操作成功","data":null}', 10, 't', '2026-02-11 06:28:16.550635+00', NULL, NULL, NULL, 'f', NULL, '更新'),(120, '定时任务', '3', 'admin', 1, '/api/monitor/job', '::1', '内网地址', '{"body":{"jobId":8,"jobName":"测试任务","jobCron":"0 * * * * *","jobArgs":"[\"乔治\",19,true]","status":false,"createBy":null,"updateBy":null,"delFlag":false,"remark":"","createTime":{},"updateTime":{}}}', '{"code":200,"msg":"操作成功","data":null}', 14, 't', '2026-02-11 06:28:17.953048+00', NULL, NULL, NULL, 'f', NULL, '更新'),(122, '定时任务', '3', 'admin', 1, '/api/monitor/job', '::1', '内网地址', '{"body":{"jobId":8,"jobName":"测试任务","jobCron":"0 * * * * *","jobArgs":"[\"乔治\",19,true]","status":false,"createBy":null,"updateBy":null,"delFlag":false,"remark":"","createTime":{},"updateTime":{}}}', '{"code":200,"msg":"操作成功","data":null}', 10, 't', '2026-02-11 06:28:19.150595+00', NULL, NULL, NULL, 'f', NULL, '更新'),(124, '定时任务', '3', 'admin', 1, '/api/monitor/job', '::1', '内网地址', '{"body":{"jobId":8,"jobName":"测试任务","jobCron":"0 * * * * *","jobArgs":"[\"乔治\",19,true]","status":false,"createBy":null,"updateBy":null,"delFlag":false,"remark":"","createTime":{},"updateTime":{}}}', '{"code":200,"msg":"操作成功","data":null}', 7, 't', '2026-02-11 06:28:20.3375+00', NULL, NULL, NULL, 'f', NULL, '更新'),(99, '定时任务', '3', 'admin', 1, '/api/monitor/job', '::1', '内网地址', '{"body":{"jobId":8,"jobName":"测试任务","jobCron":"0 * * * * *","jobArgs":"[\"乔治\",19,true]","status":true,"createBy":null,"updateBy":null,"delFlag":false,"remark":"","createTime":{},"updateTime":{}}}', '{"code":200,"msg":"操作成功","data":null}', 7, 't', '2026-02-11 06:27:59.612357+00', NULL, NULL, NULL, 'f', NULL, '更新'),(101, '定时任务', '3', 'admin', 1, '/api/monitor/job', '::1', '内网地址', '{"body":{"jobId":8,"jobName":"测试任务","jobCron":"0 * * * * *","jobArgs":"[\"乔治\",19,true]","status":true,"createBy":null,"updateBy":null,"delFlag":false,"remark":"","createTime":{},"updateTime":{}}}', '{"code":200,"msg":"操作成功","data":null}', 33, 't', '2026-02-11 06:28:02.136076+00', NULL, NULL, NULL, 'f', NULL, '更新'),(103, '定时任务', '3', 'admin', 1, '/api/monitor/job', '::1', '内网地址', '{"body":{"jobId":8,"jobName":"测试任务","jobCron":"0 * * * * *","jobArgs":"[\"乔治\",19,true]","status":true,"createBy":null,"updateBy":null,"delFlag":false,"remark":"","createTime":{},"updateTime":{}}}', '{"code":200,"msg":"操作成功","data":null}', 6, 't', '2026-02-11 06:28:04.153055+00', NULL, NULL, NULL, 'f', NULL, '更新'),(105, '定时任务', '3', 'admin', 1, '/api/monitor/job', '::1', '内网地址', '{"body":{"jobId":8,"jobName":"测试任务","jobCron":"0 * * * * *","jobArgs":"[\"乔治\",19,true]","status":true,"createBy":null,"updateBy":null,"delFlag":false,"remark":"","createTime":{},"updateTime":{}}}', '{"code":200,"msg":"操作成功","data":null}', 10, 't', '2026-02-11 06:28:06.206071+00', NULL, NULL, NULL, 'f', NULL, '更新'),(107, '定时任务', '3', 'admin', 1, '/api/monitor/job', '::1', '内网地址', '{"body":{"jobId":8,"jobName":"测试任务","jobCron":"0 * * * * *","jobArgs":"[\"乔治\",19,true]","status":true,"createBy":null,"updateBy":null,"delFlag":false,"remark":"","createTime":{},"updateTime":{}}}', '{"code":200,"msg":"操作成功","data":null}', 6, 't', '2026-02-11 06:28:08.190978+00', NULL, NULL, NULL, 'f', NULL, '更新'),(109, '定时任务', '3', 'admin', 1, '/api/monitor/job', '::1', '内网地址', '{"body":{"jobId":8,"jobName":"测试任务","jobCron":"0 * * * * *","jobArgs":"[\"乔治\",19,true]","status":true,"createBy":null,"updateBy":null,"delFlag":false,"remark":"","createTime":{},"updateTime":{}}}', '{"code":200,"msg":"操作成功","data":null}', 8, 't', '2026-02-11 06:28:09.92312+00', NULL, NULL, NULL, 'f', NULL, '更新'),(111, '定时任务', '3', 'admin', 1, '/api/monitor/job', '::1', '内网地址', '{"body":{"jobId":8,"jobName":"测试任务","jobCron":"0 * * * * *","jobArgs":"[\"乔治\",19,true]","status":true,"createBy":null,"updateBy":null,"delFlag":false,"remark":"","createTime":{},"updateTime":{}}}', '{"code":200,"msg":"操作成功","data":null}', 14, 't', '2026-02-11 06:28:11.266956+00', NULL, NULL, NULL, 'f', NULL, '更新'),(113, '定时任务', '3', 'admin', 1, '/api/monitor/job', '::1', '内网地址', '{"body":{"jobId":8,"jobName":"测试任务","jobCron":"0 * * * * *","jobArgs":"[\"乔治\",19,true]","status":true,"createBy":null,"updateBy":null,"delFlag":false,"remark":"","createTime":{},"updateTime":{}}}', '{"code":200,"msg":"操作成功","data":null}', 12, 't', '2026-02-11 06:28:12.334072+00', NULL, NULL, NULL, 'f', NULL, '更新'),(115, '定时任务', '3', 'admin', 1, '/api/monitor/job', '::1', '内网地址', '{"body":{"jobId":8,"jobName":"测试任务","jobCron":"0 * * * * *","jobArgs":"[\"乔治\",19,true]","status":true,"createBy":null,"updateBy":null,"delFlag":false,"remark":"","createTime":{},"updateTime":{}}}', '{"code":200,"msg":"操作成功","data":null}', 7, 't', '2026-02-11 06:28:14.502922+00', NULL, NULL, NULL, 'f', NULL, '更新'),(117, '定时任务', '3', 'admin', 1, '/api/monitor/job', '::1', '内网地址', '{"body":{"jobId":8,"jobName":"测试任务","jobCron":"0 * * * * *","jobArgs":"[\"乔治\",19,true]","status":true,"createBy":null,"updateBy":null,"delFlag":false,"remark":"","createTime":{},"updateTime":{}}}', '{"code":200,"msg":"操作成功","data":null}', 12, 't', '2026-02-11 06:28:15.781252+00', NULL, NULL, NULL, 'f', NULL, '更新'),(119, '定时任务', '3', 'admin', 1, '/api/monitor/job', '::1', '内网地址', '{"body":{"jobId":8,"jobName":"测试任务","jobCron":"0 * * * * *","jobArgs":"[\"乔治\",19,true]","status":true,"createBy":null,"updateBy":null,"delFlag":false,"remark":"","createTime":{},"updateTime":{}}}', '{"code":200,"msg":"操作成功","data":null}', 14, 't', '2026-02-11 06:28:17.300593+00', NULL, NULL, NULL, 'f', NULL, '更新'),(121, '定时任务', '3', 'admin', 1, '/api/monitor/job', '::1', '内网地址', '{"body":{"jobId":8,"jobName":"测试任务","jobCron":"0 * * * * *","jobArgs":"[\"乔治\",19,true]","status":true,"createBy":null,"updateBy":null,"delFlag":false,"remark":"","createTime":{},"updateTime":{}}}', '{"code":200,"msg":"操作成功","data":null}', 12, 't', '2026-02-11 06:28:18.636286+00', NULL, NULL, NULL, 'f', NULL, '更新'),(123, '定时任务', '3', 'admin', 1, '/api/monitor/job', '::1', '内网地址', '{"body":{"jobId":8,"jobName":"测试任务","jobCron":"0 * * * * *","jobArgs":"[\"乔治\",19,true]","status":true,"createBy":null,"updateBy":null,"delFlag":false,"remark":"","createTime":{},"updateTime":{}}}', '{"code":200,"msg":"操作成功","data":null}', 7, 't', '2026-02-11 06:28:19.802319+00', NULL, NULL, NULL, 'f', NULL, '更新'),(125, '定时任务', '3', 'admin', 1, '/api/monitor/job', '::1', '内网地址', '{"body":{"jobId":8,"jobName":"测试任务","jobCron":"0 * * * * *","jobArgs":"[\"乔治\",19,true]","status":true,"createBy":null,"updateBy":null,"delFlag":false,"remark":"","createTime":{},"updateTime":{}}}', '{"code":200,"msg":"操作成功","data":null}', 11, 't', '2026-02-11 06:28:20.97855+00', NULL, NULL, NULL, 'f', NULL, '更新'),(126, '系统菜单', '2', 'admin', 1, '/api/system/menu', '::1', '内网地址', '{"body":{"title":"menus.outside.openapi","path":"/outside/iframe/openapi","name":"OpenApi","component":"","icon":"","showBadge":false,"showTextBadge":"","isHide":false,"isHideTab":false,"link":"http://localhost:3000/api/openapi","isIframe":true,"keepAlive":true,"fixedTab":false,"activePath":"","sort":0,"status":true,"parentId":0}}', '{"code":200,"msg":"操作成功","data":null}', 49, 't', '2026-02-11 06:55:41.419875+00', NULL, NULL, NULL, 'f', NULL, '创建菜单'),(127, '系统菜单', '3', 'admin', 1, '/api/system/menu', '::1', '内网地址', '{"body":{"menuId":26,"path":"/outside/iframe/openapi","name":"OpenApi","component":"","title":"menus.outside.openapi","icon":"akar-icons:graphql-fill","showBadge":false,"showTextBadge":"","isHide":false,"isHideTab":false,"link":"http://localhost:3000/api/openapi","isIframe":true,"keepAlive":true,"fixedTab":false,"activePath":"","sort":0,"status":true,"parentId":0}}', '{"code":200,"msg":"操作成功","data":null}', 68, 't', '2026-02-11 06:59:30.876251+00', NULL, NULL, NULL, 'f', NULL, '更新菜单'),(128, '系统角色', '3', 'admin', 1, '/api/system/role/permission', '::1', '内网地址', '{"body":{"roleId":1,"permissions":[{"menuId":1},{"menuId":2},{"menuId":3},{"menuId":4},{"menuId":4,"menuBtnId":25},{"menuId":4,"menuBtnId":26},{"menuId":4,"menuBtnId":27},{"menuId":4,"menuBtnId":28},{"menuId":6},{"menuId":5},{"menuId":5,"menuBtnId":29},{"menuId":5,"menuBtnId":30},{"menuId":5,"menuBtnId":31},{"menuId":5,"menuBtnId":32},{"menuId":7},{"menuId":7,"menuBtnId":2},{"menuId":7,"menuBtnId":3},{"menuId":7,"menuBtnId":5},{"menuId":7,"menuBtnId":1},{"menuId":8},{"menuId":8,"menuBtnId":9},{"menuId":8,"menuBtnId":10},{"menuId":8,"menuBtnId":11},{"menuId":8,"menuBtnId":12},{"menuId":9},{"menuId":9,"menuBtnId":17},{"menuId":9,"menuBtnId":18},{"menuId":9,"menuBtnId":19},{"menuId":9,"menuBtnId":20},{"menuId":9,"menuBtnId":21},{"menuId":9,"menuBtnId":22},{"menuId":9,"menuBtnId":23},{"menuId":9,"menuBtnId":24},{"menuId":10},{"menuId":10,"menuBtnId":14},{"menuId":10,"menuBtnId":15},{"menuId":10,"menuBtnId":16},{"menuId":10,"menuBtnId":13},{"menuId":18},{"menuId":18,"menuBtnId":33},{"menuId":18,"menuBtnId":34},{"m', '{"code":200,"msg":"操作成功","data":null}', 19, 't', '2026-02-11 06:59:40.222881+00', NULL, NULL, NULL, 'f', NULL, '更新角色权限'),(129, '系统菜单', '3', 'admin', 1, '/api/system/menu', '::1', '内网地址', '{"body":{"menuId":26,"path":"/outside/iframe/openapi","name":"OpenApi","component":"","title":"menus.outside.openapi","icon":"akar-icons:graphql-fill","showBadge":false,"showTextBadge":"","isHide":false,"isHideTab":false,"link":"http://localhost:3000/api/openapi","isIframe":true,"keepAlive":true,"fixedTab":false,"activePath":"","sort":4,"status":true,"parentId":0}}', '{"code":200,"msg":"操作成功","data":null}', 16, 't', '2026-02-11 07:00:19.05925+00', NULL, NULL, NULL, 'f', NULL, '更新菜单'),(130, '系统菜单', '3', 'admin', 1, '/api/system/menu', '::1', '内网地址', '{"body":{"menuId":3,"path":"/system","name":"System","component":"/index/index","title":"menus.system.title","icon":"ri:user-3-line","showBadge":false,"showTextBadge":"","isHide":false,"isHideTab":false,"link":"","isIframe":false,"keepAlive":true,"fixedTab":false,"activePath":"","sort":1,"status":true,"parentId":0}}', '{"code":200,"msg":"操作成功","data":null}', 7, 't', '2026-02-11 07:00:27.582544+00', NULL, NULL, NULL, 'f', NULL, '更新菜单'),(131, '系统菜单', '3', 'admin', 1, '/api/system/menu', '::1', '内网地址', '{"body":{"menuId":22,"path":"/monitor","name":"Monitor","component":"/index/index","title":"menus.monitor.title","icon":"material-symbols:screenshot-monitor-outline","showBadge":false,"showTextBadge":"","isHide":false,"isHideTab":false,"link":"","isIframe":false,"keepAlive":true,"fixedTab":false,"activePath":"","sort":2,"status":true,"parentId":0}}', '{"code":200,"msg":"操作成功","data":null}', 11, 't', '2026-02-11 07:00:34.335124+00', NULL, NULL, NULL, 'f', NULL, '更新菜单'),(132, '系统菜单', '3', 'admin', 1, '/api/system/menu', '::1', '内网地址', '{"body":{"menuId":26,"path":"/outside/iframe/openapi","name":"OpenApi","component":"","title":"menus.outside.openapi","icon":"akar-icons:graphql-fill","showBadge":false,"showTextBadge":"","isHide":false,"isHideTab":false,"link":"http://localhost:3000/api/openapi","isIframe":true,"keepAlive":true,"fixedTab":false,"activePath":"","sort":3,"status":true,"parentId":0}}', '{"code":200,"msg":"操作成功","data":null}', 13, 't', '2026-02-11 07:00:38.672801+00', NULL, NULL, NULL, 'f', NULL, '更新菜单'),(133, '系统菜单', '3', 'admin', 1, '/api/system/menu', '::1', '内网地址', '{"body":{"menuId":19,"path":"log","name":"Log","component":"","title":"menus.system.log","icon":"ri:file-list-3-line","showBadge":false,"showTextBadge":"","isHide":false,"isHideTab":false,"link":"","isIframe":false,"keepAlive":true,"fixedTab":false,"activePath":"","sort":8,"status":true,"parentId":3}}', '{"code":200,"msg":"操作成功","data":null}', 17, 't', '2026-02-11 08:46:25.277158+00', NULL, NULL, NULL, 'f', NULL, '更新菜单'),(134, '系统菜单', '2', 'admin', 1, '/api/system/menu', '::1', '内网地址', '{"body":{"title":"menus.system.storage","path":"storage","name":"Storage","component":"/system/storage","icon":"","showBadge":false,"showTextBadge":"","isHide":false,"isHideTab":false,"link":"","isIframe":false,"keepAlive":true,"fixedTab":false,"activePath":"","sort":7,"status":true,"parentId":3}}', '{"code":200,"msg":"操作成功","data":null}', 58, 't', '2026-02-11 08:47:49.330103+00', NULL, NULL, NULL, 'f', NULL, '创建菜单'),(135, '系统菜单', '3', 'admin', 1, '/api/system/menu', '::1', '内网地址', '{"body":{"menuId":27,"path":"storage","name":"Storage","component":"/system/storage","title":"menus.system.storage","icon":"material-symbols:folder-data-outline","showBadge":false,"showTextBadge":"","isHide":false,"isHideTab":false,"link":"","isIframe":false,"keepAlive":true,"fixedTab":false,"activePath":"","sort":7,"status":true,"parentId":3}}', '{"code":200,"msg":"操作成功","data":null}', 50, 't', '2026-02-11 08:52:33.68535+00', NULL, NULL, NULL, 'f', NULL, '更新菜单'),(136, '系统菜单', '2', 'admin', 1, '/api/system/menu/btn', '::1', '内网地址', '{"body":{"menuId":27,"title":"新增","permission":"system:storage:create","sort":0,"status":true}}', '{"code":200,"msg":"操作成功","data":null}', 16, 't', '2026-02-11 08:53:02.051609+00', NULL, NULL, NULL, 'f', NULL, '创建按钮'),(137, '系统菜单', '2', 'admin', 1, '/api/system/menu/btn', '::1', '内网地址', '{"body":{"menuId":27,"title":"查询","permission":"system:storage:query","sort":0,"status":true}}', '{"code":200,"msg":"操作成功","data":null}', 14, 't', '2026-02-11 08:53:17.128683+00', NULL, NULL, NULL, 'f', NULL, '创建按钮'),(138, '系统菜单', '2', 'admin', 1, '/api/system/menu/btn', '::1', '内网地址', '{"body":{"menuId":27,"title":"编辑","permission":"system:storage:update","sort":0,"status":true}}', '{"code":200,"msg":"操作成功","data":null}', 12, 't', '2026-02-11 08:53:31.460084+00', NULL, NULL, NULL, 'f', NULL, '创建按钮'),(139, '系统菜单', '2', 'admin', 1, '/api/system/menu/btn', '::1', '内网地址', '{"body":{"menuId":27,"title":"删除","permission":"system:storage:delete","sort":0,"status":true}}', '{"code":200,"msg":"操作成功","data":null}', 15, 't', '2026-02-11 08:53:45.697787+00', NULL, NULL, NULL, 'f', NULL, '创建按钮'),(140, '系统角色', '3', 'admin', 1, '/api/system/role/permission', '::1', '内网地址', '{"body":{"roleId":1,"permissions":[{"menuId":1},{"menuId":2},{"menuId":3},{"menuId":4},{"menuId":4,"menuBtnId":25},{"menuId":4,"menuBtnId":26},{"menuId":4,"menuBtnId":27},{"menuId":4,"menuBtnId":28},{"menuId":6},{"menuId":5},{"menuId":5,"menuBtnId":29},{"menuId":5,"menuBtnId":30},{"menuId":5,"menuBtnId":31},{"menuId":5,"menuBtnId":32},{"menuId":7},{"menuId":7,"menuBtnId":2},{"menuId":7,"menuBtnId":3},{"menuId":7,"menuBtnId":5},{"menuId":7,"menuBtnId":1},{"menuId":8},{"menuId":8,"menuBtnId":9},{"menuId":8,"menuBtnId":10},{"menuId":8,"menuBtnId":11},{"menuId":8,"menuBtnId":12},{"menuId":9},{"menuId":9,"menuBtnId":17},{"menuId":9,"menuBtnId":18},{"menuId":9,"menuBtnId":19},{"menuId":9,"menuBtnId":20},{"menuId":9,"menuBtnId":21},{"menuId":9,"menuBtnId":22},{"menuId":9,"menuBtnId":23},{"menuId":9,"menuBtnId":24},{"menuId":10},{"menuId":10,"menuBtnId":14},{"menuId":10,"menuBtnId":15},{"menuId":10,"menuBtnId":16},{"menuId":10,"menuBtnId":13},{"menuId":18},{"menuId":18,"menuBtnId":33},{"menuId":18,"menuBtnId":34},{"m', '{"code":200,"msg":"操作成功","data":null}', 38, 't', '2026-02-11 08:53:57.677644+00', NULL, NULL, NULL, 'f', NULL, '更新角色权限'),(141, '存储配置', '3', 'admin', 1, '/api/system/storage', '::1', '内网地址', '{"body":{"storageId":4,"name":"Kodo","endpoint":null,"bucket":null,"accessKey":null,"secretKey":null,"status":true,"createBy":null,"updateBy":null,"delFlag":false,"remark":"七牛云","createTime":{},"updateTime":null}}', '{"code":200,"msg":"操作成功","data":null}', 14, 't', '2026-02-11 09:18:56.23276+00', NULL, NULL, NULL, 'f', NULL, '更新'),(142, '存储配置', '3', 'admin', 1, '/api/system/storage', '::1', '内网地址', '{"body":{"storageId":3,"name":"OSS","endpoint":null,"bucket":null,"accessKey":null,"secretKey":null,"status":true,"createBy":null,"updateBy":null,"delFlag":false,"remark":"阿里云","createTime":{},"updateTime":null}}', '{"code":200,"msg":"操作成功","data":null}', 5, 't', '2026-02-11 09:18:59.520433+00', NULL, NULL, NULL, 'f', NULL, '更新'),(143, '存储配置', '3', 'admin', 1, '/api/system/storage', '::1', '内网地址', '{"body":{"storageId":3,"name":"OSS","endpoint":null,"bucket":null,"accessKey":null,"secretKey":null,"status":false,"createBy":null,"updateBy":null,"delFlag":false,"remark":"阿里云","createTime":{},"updateTime":{}}}', '{"code":200,"msg":"操作成功","data":null}', 6, 't', '2026-02-11 09:19:00.470292+00', NULL, NULL, NULL, 'f', NULL, '更新'),(144, '存储配置', '3', 'admin', 1, '/api/system/storage', '::1', '内网地址', '{"body":{"storageId":4,"name":"Kodo","endpoint":null,"bucket":null,"accessKey":null,"secretKey":null,"status":false,"createBy":null,"updateBy":null,"delFlag":false,"remark":"七牛云","createTime":{},"updateTime":{}}}', '{"code":200,"msg":"操作成功","data":null}', 16, 't', '2026-02-11 09:19:00.952046+00', NULL, NULL, NULL, 'f', NULL, '更新'),(145, '存储配置', '3', 'admin', 1, '/api/system/storage', '::1', '内网地址', '{"body":{"storageId":2,"name":"COS","endpoint":null,"bucket":null,"accessKey":null,"secretKey":null,"status":true,"createBy":null,"updateBy":null,"delFlag":false,"remark":"腾讯云","createTime":{},"updateTime":null}}', '{"code":200,"msg":"操作成功","data":null}', 54, 't', '2026-02-11 09:31:24.503622+00', NULL, NULL, NULL, 'f', NULL, '更新'),(146, '存储配置', '3', 'admin', 1, '/api/system/storage', '::1', '内网地址', '{"body":{"storageId":3,"name":"OSS","endpoint":null,"bucket":null,"accessKey":null,"secretKey":null,"status":true,"createBy":null,"updateBy":null,"delFlag":false,"remark":"阿里云","createTime":{},"updateTime":{}}}', '{"code":200,"msg":"操作成功","data":null}', 34, 't', '2026-02-11 09:31:32.58687+00', NULL, NULL, NULL, 'f', NULL, '更新'),(147, '存储配置', '3', 'admin', 1, '/api/system/storage', '::1', '内网地址', '{"body":{"storageId":4,"name":"Kodo","endpoint":null,"bucket":null,"accessKey":null,"secretKey":null,"status":true,"createBy":null,"updateBy":null,"delFlag":false,"remark":"七牛云","createTime":{},"updateTime":{}}}', '{"code":200,"msg":"操作成功","data":null}', 16, 't', '2026-02-11 09:31:33.538963+00', NULL, NULL, NULL, 'f', NULL, '更新'),(148, '存储配置', '3', 'admin', 1, '/api/system/storage', '::1', '内网地址', '{"body":{"storageId":1,"name":"MinIO","endpoint":null,"bucket":null,"accessKey":null,"secretKey":null,"status":true,"createBy":null,"updateBy":null,"delFlag":false,"remark":"minio","createTime":{},"updateTime":null}}', '{"code":200,"msg":"操作成功","data":null}', 14, 't', '2026-02-11 09:31:34.311597+00', NULL, NULL, NULL, 'f', NULL, '更新')
;
COMMIT;
BEGIN;
LOCK TABLE "public"."system_role" IN SHARE MODE;
DELETE FROM "public"."system_role";
INSERT INTO "public"."system_role" ("role_id","role_name","role_code","sort","status","create_time","create_by","update_time","update_by","del_flag","remark") VALUES (1, '超级管理员', 'SYS_ADMIN', 0, 't', '2026-01-06 09:26:09.913+00', NULL, '2026-01-26 07:47:22.124+00', NULL, 'f', '拥有所有权限'),(2, '普通用户', 'SYS_USER', 1, 't', '2026-01-26 07:49:34.217+00', NULL, '2026-01-26 07:51:24.879+00', NULL, 'f', '拥有普通用户权限'),(3, '财务', 'SYS_FINANCE', 2, 't', '2026-01-26 07:58:12.195+00', NULL, '2026-01-26 07:58:22.786+00', NULL, 'f', '拥有财务权限')
;
COMMIT;
BEGIN;
LOCK TABLE "public"."system_role_menu" IN SHARE MODE;
DELETE FROM "public"."system_role_menu";
INSERT INTO "public"."system_role_menu" ("role_id","menu_id","menu_btn_id") VALUES (1, 1, NULL),(1, 2, NULL),(1, 3, NULL),(1, 4, NULL),(1, 4, 25),(1, 4, 26),(1, 4, 27),(1, 4, 28),(1, 6, NULL),(1, 5, NULL),(1, 5, 29),(1, 5, 30),(1, 5, 31),(1, 5, 32),(1, 7, NULL),(1, 7, 2),(1, 7, 3),(1, 7, 5),(1, 7, 1),(1, 8, NULL),(1, 8, 9),(1, 8, 10),(1, 8, 11),(1, 8, 12),(1, 9, NULL),(1, 9, 17),(1, 9, 18),(1, 9, 19),(1, 9, 20),(1, 9, 21),(1, 9, 22),(1, 9, 23),(1, 9, 24),(1, 10, NULL),(1, 10, 14),(1, 10, 15),(1, 10, 16),(2, 1, NULL),(2, 2, NULL),(1, 10, 13),(1, 18, NULL),(1, 18, 33),(1, 18, 34),(1, 18, 35),(1, 18, 36),(1, 27, NULL),(1, 27, 47),(1, 27, 48),(1, 27, 49),(1, 27, 50),(1, 19, NULL),(1, 20, NULL),(1, 20, 37),(1, 20, 38),(1, 21, NULL),(1, 21, 39),(1, 21, 40),(1, 22, NULL),(1, 23, NULL),(1, 23, 41),(1, 23, 42),(1, 24, NULL),(1, 24, 43),(1, 24, 44),(1, 24, 45),(1, 24, 46),(1, 26, NULL)
;
COMMIT;
BEGIN;
LOCK TABLE "public"."system_storage" IN SHARE MODE;
DELETE FROM "public"."system_storage";
INSERT INTO "public"."system_storage" ("storage_id","name","endpoint","bucket","access_key","secret_key","status","create_time","create_by","update_time","update_by","del_flag","remark") VALUES (2, 'COS', NULL, NULL, NULL, NULL, 'f', '2026-02-11 09:01:42.312+00', NULL, NULL, NULL, 'f', '腾讯云'),(3, 'OSS', NULL, NULL, NULL, NULL, 'f', '2026-02-11 09:02:14.601+00', NULL, '2026-02-11 09:19:00.464+00', NULL, 'f', '阿里云'),(4, 'Kodo', NULL, NULL, NULL, NULL, 'f', '2026-02-11 09:02:30.982+00', NULL, '2026-02-11 09:19:00.937+00', NULL, 'f', '七牛云'),(1, 'MinIO', NULL, NULL, NULL, NULL, 't', '2026-02-11 09:01:32.285+00', NULL, NULL, NULL, 'f', 'minio')
;
COMMIT;
BEGIN;
LOCK TABLE "public"."system_user" IN SHARE MODE;
DELETE FROM "public"."system_user";
INSERT INTO "public"."system_user" ("user_id","username","password","nickname","email","phone","sex","avatar","create_time","create_by","update_time","update_by","del_flag","remark","status","dept_id") VALUES (13, 'xiaomei', '$2b$10$ZVclyurmYrDZqiZE.L2/H.PCKgTENOM9u0Hh2zNv/QjvtnMrNgxhy', '罗德风', '2652365944@qq.com', NULL, '0', NULL, '2025-12-16 02:36:49.177028+00', NULL, NULL, NULL, 'f', NULL, 't', NULL),(20, 'admin123', '$2b$10$a5yygkWI2t3HZxGDqP3Ifej15jK/OyZ6eC4iL.c4x/QpmrLfeEbOa', '老妖', '423235235@qq.com', '19890987675', '1', NULL, '2026-02-04 06:39:33.443815+00', NULL, NULL, NULL, 'f', NULL, 't', 1),(14, 'qiaozhi', '$2b$10$6OiXvq9fYO.WS214b3m79e0UC4yk9cCftFUc4AKKBW/EcGuXxKwRu', '乔治', '43242@qq.com', '19898767656', '1', NULL, '2026-02-03 06:19:16.744+00', NULL, NULL, NULL, 'f', NULL, 't', 8),(1, 'admin', '$2b$10$YfJS21FBqTmpM4pc8I0j.uXX5rnhEiDM76Bm4u2h0mLzStfdFXgTi', '梅山老妖', '1360658549@qq.com', '19899999999', '0', NULL, '2025-12-12 08:41:41.858+00', NULL, '2026-02-06 03:34:28.268+00', 1765869150583, 'f', '专注于用户体验跟视觉设计', 't', 4)
;
COMMIT;
BEGIN;
LOCK TABLE "public"."system_user_role" IN SHARE MODE;
DELETE FROM "public"."system_user_role";
INSERT INTO "public"."system_user_role" ("role_id","user_id") VALUES (3, 20),(2, 20),(2, 14),(3, 14),(1, 1),(2, 1),(3, 1)
;
COMMIT;
ALTER TABLE "monitor_job" ADD CONSTRAINT "monitor_job_pkey" PRIMARY KEY ("job_id");
ALTER TABLE "system_api" ADD CONSTRAINT "system_api_pkey" PRIMARY KEY ("api_id");
ALTER TABLE "system_dept" ADD CONSTRAINT "system_dept_pkey" PRIMARY KEY ("dept_id");
ALTER TABLE "system_dict_data" ADD CONSTRAINT "system_dict_data_pkey" PRIMARY KEY ("dict_code");
ALTER TABLE "system_dict_type" ADD CONSTRAINT "system_dict_type_pkey" PRIMARY KEY ("dict_id");
ALTER TABLE "system_ip_black" ADD CONSTRAINT "system_ip_black_pkey" PRIMARY KEY ("ip_black_id");
ALTER TABLE "system_login_log" ADD CONSTRAINT "system_login_log_pkey" PRIMARY KEY ("log_id");
ALTER TABLE "system_menu" ADD CONSTRAINT "system_menu_pkey" PRIMARY KEY ("menu_id");
ALTER TABLE "system_menu_btn" ADD CONSTRAINT "system_menu_btn_pkey" PRIMARY KEY ("btn_id");
ALTER TABLE "system_oper_log" ADD CONSTRAINT "system_oper_log_pkey" PRIMARY KEY ("oper_id");
ALTER TABLE "system_role" ADD CONSTRAINT "system_role_pkey" PRIMARY KEY ("role_id");
ALTER TABLE "system_storage" ADD CONSTRAINT "system_storage_pkey" PRIMARY KEY ("storage_id");
ALTER TABLE "system_user" ADD CONSTRAINT "system_user_pkey" PRIMARY KEY ("user_id");
ALTER TABLE "monitor_job" ADD CONSTRAINT "monitor_job_job_name_unique" UNIQUE ("job_name");
ALTER TABLE "system_dict_type" ADD CONSTRAINT "system_dict_type_dict_name_unique" UNIQUE ("dict_name");
ALTER TABLE "system_dict_type" ADD CONSTRAINT "system_dict_type_dict_type_unique" UNIQUE ("dict_type");
ALTER TABLE "system_menu_btn" ADD CONSTRAINT "system_menu_btn_menu_id_system_menu_menu_id_fk" FOREIGN KEY ("menu_id") REFERENCES "public"."system_menu" ("menu_id") ON DELETE NO ACTION ON UPDATE NO ACTION;
ALTER TABLE "system_role_menu" ADD CONSTRAINT "system_role_menu_menu_btn_id_system_menu_btn_btn_id_fk" FOREIGN KEY ("menu_btn_id") REFERENCES "public"."system_menu_btn" ("btn_id") ON DELETE NO ACTION ON UPDATE NO ACTION;
ALTER TABLE "system_role_menu" ADD CONSTRAINT "system_role_menu_menu_id_system_menu_menu_id_fk" FOREIGN KEY ("menu_id") REFERENCES "public"."system_menu" ("menu_id") ON DELETE NO ACTION ON UPDATE NO ACTION;
ALTER TABLE "system_role_menu" ADD CONSTRAINT "system_role_menu_role_id_system_role_role_id_fk" FOREIGN KEY ("role_id") REFERENCES "public"."system_role" ("role_id") ON DELETE NO ACTION ON UPDATE NO ACTION;
ALTER TABLE "system_storage" ADD CONSTRAINT "system_storage_name_unique" UNIQUE ("name");
ALTER TABLE "system_user" ADD CONSTRAINT "system_user_username_unique" UNIQUE ("username");
ALTER TABLE "system_user" ADD CONSTRAINT "system_user_dept_id_system_dept_dept_id_fk" FOREIGN KEY ("dept_id") REFERENCES "public"."system_dept" ("dept_id") ON DELETE NO ACTION ON UPDATE NO ACTION;
ALTER TABLE "system_user_role" ADD CONSTRAINT "system_user_role_role_id_system_role_role_id_fk" FOREIGN KEY ("role_id") REFERENCES "public"."system_role" ("role_id") ON DELETE NO ACTION ON UPDATE NO ACTION;
ALTER TABLE "system_user_role" ADD CONSTRAINT "system_user_role_user_id_system_user_user_id_fk" FOREIGN KEY ("user_id") REFERENCES "public"."system_user" ("user_id") ON DELETE NO ACTION ON UPDATE NO ACTION;
ALTER SEQUENCE "monitor_job_job_id_seq"
OWNED BY "monitor_job"."job_id";
SELECT setval('"monitor_job_job_id_seq"', 8, true);
ALTER SEQUENCE "monitor_job_job_id_seq" OWNER TO "postgres";
ALTER SEQUENCE "system_api_api_id_seq"
OWNED BY "system_api"."api_id";
SELECT setval('"system_api_api_id_seq"', 227, true);
ALTER SEQUENCE "system_api_api_id_seq" OWNER TO "postgres";
ALTER SEQUENCE "system_dept_dept_id_seq"
OWNED BY "system_dept"."dept_id";
SELECT setval('"system_dept_dept_id_seq"', 8, true);
ALTER SEQUENCE "system_dept_dept_id_seq" OWNER TO "postgres";
ALTER SEQUENCE "system_dict_data_dict_code_seq"
OWNED BY "system_dict_data"."dict_code";
SELECT setval('"system_dict_data_dict_code_seq"', 10, true);
ALTER SEQUENCE "system_dict_data_dict_code_seq" OWNER TO "postgres";
ALTER SEQUENCE "system_dict_type_dict_id_seq"
OWNED BY "system_dict_type"."dict_id";
SELECT setval('"system_dict_type_dict_id_seq"', 4, true);
ALTER SEQUENCE "system_dict_type_dict_id_seq" OWNER TO "postgres";
ALTER SEQUENCE "system_ip_black_ip_black_id_seq"
OWNED BY "system_ip_black"."ip_black_id";
SELECT setval('"system_ip_black_ip_black_id_seq"', 6, true);
ALTER SEQUENCE "system_ip_black_ip_black_id_seq" OWNER TO "postgres";
ALTER SEQUENCE "system_login_log_log_id_seq"
OWNED BY "system_login_log"."log_id";
SELECT setval('"system_login_log_log_id_seq"', 134, true);
ALTER SEQUENCE "system_login_log_log_id_seq" OWNER TO "postgres";
ALTER SEQUENCE "system_menu_btn_btn_id_seq"
OWNED BY "system_menu_btn"."btn_id";
SELECT setval('"system_menu_btn_btn_id_seq"', 50, true);
ALTER SEQUENCE "system_menu_btn_btn_id_seq" OWNER TO "postgres";
ALTER SEQUENCE "system_menu_menu_id_seq"
OWNED BY "system_menu"."menu_id";
SELECT setval('"system_menu_menu_id_seq"', 27, true);
ALTER SEQUENCE "system_menu_menu_id_seq" OWNER TO "postgres";
ALTER SEQUENCE "system_oper_log_oper_id_seq"
OWNED BY "system_oper_log"."oper_id";
SELECT setval('"system_oper_log_oper_id_seq"', 148, true);
ALTER SEQUENCE "system_oper_log_oper_id_seq" OWNER TO "postgres";
ALTER SEQUENCE "system_role_role_id_seq"
OWNED BY "system_role"."role_id";
SELECT setval('"system_role_role_id_seq"', 6, true);
ALTER SEQUENCE "system_role_role_id_seq" OWNER TO "postgres";
ALTER SEQUENCE "system_storage_storage_id_seq"
OWNED BY "system_storage"."storage_id";
SELECT setval('"system_storage_storage_id_seq"', 4, true);
ALTER SEQUENCE "system_storage_storage_id_seq" OWNER TO "postgres";
ALTER SEQUENCE "system_user_user_id_seq"
OWNED BY "system_user"."user_id";
SELECT setval('"system_user_user_id_seq"', 20, true);
ALTER SEQUENCE "system_user_user_id_seq" OWNER TO "postgres";
